,UserID,Buy_ticket,Yearly_avg_view_on_travel_page,total_likes_on_outstation_checkin_given,yearly_avg_Outstation_checkins,member_in_family,Yearly_avg_comment_on_travel_page,total_likes_on_outofstation_checkin_received,week_since_last_outstation_checkin,following_company_page,montly_avg_comment_on_company_page,working_flag,travelling_network_rating,number_of_adults,Daily_Avg_mins_spend_on_traveling_page,location__Beach,location__Entertainment,location__Financial,location__Historical site,location__Medical,location__Other,location__Trekking
5881,1005882,0,379.0,9776.0,8,1,64.0,5142.0,1.0,0,33.0,1,4.0,1.0,10.0,1,0,0,0,0,0,0
5883,1005884,0,255.0,48725.0,3,4,59.0,2913.0,1.0,1,19.0,0,3.0,0.0,8.0,1,0,0,0,0,0,0
5885,1005886,0,250.0,35184.0,2,2,84.0,3074.0,0.0,0,23.0,0,3.0,0.0,8.0,1,0,0,0,0,0,0
5888,1005889,0,295.0,7572.0,23,3,48.0,9532.0,0.0,0,33.0,1,2.0,0.0,10.0,1,0,0,0,0,0,0
5906,1005907,1,250.0,39379.0,16,1,80.0,3926.0,1.0,1,33.0,1,2.0,0.0,10.0,1,0,0,0,0,0,0
5919,1005920,0,253.0,39944.0,1,3,53.0,5385.0,2.0,0,29.0,0,1.0,2.0,10.0,1,0,0,0,0,0,0
5923,1005924,0,215.0,34793.0,8,3,41.0,8732.0,1.0,0,27.0,0,4.0,0.0,9.0,1,0,0,0,0,0,0
5924,1005925,0,228.0,25245.0,1,2,61.0,4017.0,1.0,0,26.0,1,4.0,0.0,12.0,0,0,0,1,0,0,0
5928,1005929,0,356.0,42388.0,5,4,107.0,5782.0,4.0,1,32.0,1,3.0,0.0,14.0,0,0,0,0,0,1,0
5935,1005936,0,254.0,18033.0,1,2,108.0,13467.0,1.0,1,24.0,0,3.0,0.0,15.0,1,0,0,0,0,0,0
5936,1005937,0,274.0,29863.0,18,5,81.0,9078.0,1.0,0,28.0,1,4.0,1.0,9.0,1,0,0,0,0,0,0
5941,1005942,0,291.0,22859.0,29,5,56.0,2413.0,1.0,0,14.0,0,4.0,0.0,10.0,1,0,0,0,0,0,0
5946,1005947,0,280.0,41832.0,11,3,99.0,6510.0,1.0,0,25.0,0,3.0,0.0,6.0,1,0,0,0,0,0,0
5948,1005949,0,268.0,23249.0,1,3,88.0,2204.0,4.0,0,20.0,0,4.0,1.0,5.0,0,0,0,1,0,0,0
5950,1005951,0,455.0,42885.0,1,1,67.0,5483.0,7.0,0,21.0,0,4.0,0.0,20.0,1,0,0,0,0,0,0
5970,1005971,0,310.0,18559.0,1,4,90.0,13506.0,1.0,0,28.0,1,4.0,1.0,22.0,1,0,0,0,0,0,0
5973,1005974,0,352.0,22341.0,1,3,51.0,10682.0,2.0,1,21.0,0,3.0,1.0,21.0,0,0,0,1,0,0,0
5982,1005983,1,154.0,30494.0,6,3,69.0,2935.0,1.0,1,28.0,0,2.0,0.0,1.0,1,0,0,0,0,0,0
5986,1005987,0,385.0,39035.0,1,3,76.0,16575.125,3.0,1,27.0,0,1.0,0.0,28.0,1,0,0,0,0,0,0
5990,1005991,0,391.0,50971.0,1,4,40.0,7491.0,3.0,0,30.0,1,3.0,0.0,23.0,0,0,0,1,0,0,0
5991,1005992,1,259.0,23038.0,7,3,76.0,6079.0,1.0,1,29.0,1,4.0,0.0,9.0,1,0,0,0,0,0,0
5997,1005998,0,274.0,51356.0,11,2,101.0,9750.0,0.0,0,26.0,0,3.0,1.0,10.0,0,0,0,0,0,0,1
5999,1006000,0,326.0,13799.0,26,2,95.0,16575.125,1.0,1,19.0,0,4.0,2.0,25.0,1,0,0,0,0,0,0
6000,1006001,0,232.0,45931.0,23,3,104.0,2616.0,1.0,0,32.0,1,3.0,3.0,10.0,1,0,0,0,0,0,0
6010,1006011,0,332.0,33501.0,28,3,77.0,4745.0,4.0,0,23.0,0,4.0,0.0,18.0,0,0,0,1,0,0,0
6011,1006012,0,379.0,28326.0,12,3,85.0,9216.0,4.0,0,14.0,0,4.0,0.0,16.0,0,0,0,0,0,1,0
6016,1006017,1,390.0,40261.0,8,4,56.0,10659.0,2.0,0,23.0,0,4.0,0.0,18.0,1,0,0,0,0,0,0
6024,1006025,0,245.0,24118.0,9,2,39.0,4680.0,0.0,0,28.0,0,4.0,3.0,9.0,0,0,0,1,0,0,0
6027,1006028,0,318.0,30003.0,10,3,94.0,16575.125,4.0,0,25.0,0,2.0,1.0,21.0,1,0,0,0,0,0,0
6030,1006031,0,306.0,48837.0,26,3,63.0,5608.0,1.0,0,20.0,0,1.0,1.0,20.0,0,0,0,1,0,0,0
6034,1006035,0,243.0,33851.0,8,3,51.0,9009.0,1.0,0,17.0,0,4.0,0.0,9.0,0,0,0,0,0,1,0
6039,1006040,0,261.0,10616.0,2,4,83.0,2240.0,6.0,0,25.0,0,4.0,1.0,6.0,0,0,0,0,0,1,0
6051,1006052,1,147.0,21081.0,1,1,103.0,2333.0,0.0,0,33.0,1,1.0,0.0,1.0,0,0,0,0,0,0,1
6052,1006053,0,280.0,51804.0,3,2,41.0,2096.0,4.0,0,18.0,0,3.0,0.0,13.0,0,0,0,1,0,0,0
6068,1006069,0,263.0,37422.0,2,1,49.0,9555.0,1.0,0,27.0,0,3.0,0.0,10.0,1,0,0,0,0,0,0
6076,1006077,0,269.0,4834.0,2,3,48.0,4432.0,5.0,0,20.0,0,4.0,0.0,10.0,0,0,0,1,0,0,0
6080,1006081,0,215.0,16526.0,1,1,65.0,4309.0,5.0,0,28.0,0,3.0,1.0,6.0,0,0,0,0,0,0,1
6082,1006083,0,267.0,30739.0,10,4,54.0,3827.0,1.0,1,26.0,0,4.0,1.0,5.0,0,0,0,1,0,0,0
6087,1006088,0,280.0,22230.0,18,1,76.0,2164.0,1.0,0,25.0,0,1.0,0.0,8.0,0,0,0,1,0,0,0
6092,1006093,0,211.0,43476.0,20,3,95.0,9986.0,1.0,0,22.0,0,4.0,0.0,7.0,1,0,0,0,0,0,0
6096,1006097,1,231.0,11693.0,26,4,60.0,6706.0,5.0,0,21.0,0,3.0,0.0,9.0,0,0,0,0,0,1,0
6102,1006103,0,287.0,23212.0,11,3,57.0,12195.0,1.0,1,24.0,0,3.0,3.0,10.0,0,0,0,0,0,1,0
6106,1006107,0,282.0,11168.0,4,4,48.0,2799.0,4.0,0,20.0,0,3.0,1.0,13.0,0,0,0,0,0,1,0
6107,1006108,0,222.0,49466.0,1,1,53.0,7925.0,1.0,0,26.0,0,4.0,1.0,11.0,0,0,0,1,0,0,0
6108,1006109,0,269.0,33044.0,1,3,95.0,8801.0,1.0,0,17.0,0,1.0,0.0,10.0,0,0,0,0,0,1,0
6125,1006126,0,244.0,46448.0,3,4,83.0,13678.0,9.0,0,15.0,0,1.0,1.0,9.0,0,0,0,1,0,0,0
6129,1006130,0,348.0,41975.0,7,4,81.0,6437.0,4.0,0,25.0,0,4.0,1.0,9.0,1,0,0,0,0,0,0
6130,1006131,1,289.0,17651.0,10,3,73.0,10060.0,6.0,0,14.0,0,2.0,2.0,17.0,0,0,0,1,0,0,0
6131,1006132,0,305.0,17678.0,2,4,70.0,10949.0,0.0,0,35.0,1,4.0,0.0,20.0,0,0,0,0,0,0,1
6139,1006140,1,238.0,10754.0,29,2,78.0,3484.0,0.0,0,23.0,0,2.0,0.0,6.0,0,0,0,1,0,0,0
6140,1006141,0,245.0,45890.0,7,3,108.0,2799.0,1.0,0,28.0,1,3.0,0.0,5.0,1,0,0,0,0,0,0
6158,1006159,0,206.0,51771.0,1,3,89.0,6400.0,1.0,0,29.0,1,1.0,1.0,6.0,1,0,0,0,0,0,0
6162,1006163,0,227.0,15482.0,2,2,47.0,4559.0,1.0,0,30.0,0,1.0,0.0,10.0,1,0,0,0,0,0,0
6164,1006165,0,205.0,17364.0,11,2,63.0,4747.0,1.0,1,23.0,0,3.0,1.0,5.0,0,0,0,1,0,0,0
6166,1006167,1,339.0,32207.0,24,3,53.0,3165.0,3.0,1,31.0,1,4.0,1.0,19.0,1,0,0,0,0,0,0
6170,1006171,0,373.0,22269.0,10,4,44.0,16575.125,9.0,1,16.0,0,4.0,0.0,22.0,1,0,0,0,0,0,0
6172,1006173,0,236.0,15552.0,5,3,90.0,2796.0,1.0,0,18.0,0,3.0,1.0,2.0,0,0,0,0,0,1,0
6174,1006175,0,284.0,31120.0,9,3,61.0,2334.0,1.0,1,19.0,0,3.0,3.0,4.0,0,0,0,1,0,0,0
6175,1006176,0,318.0,19428.0,26,3,83.0,13528.0,5.0,0,19.0,0,4.0,1.0,23.0,0,0,0,0,0,1,0
6178,1006179,0,278.0,19815.0,18,4,86.0,3700.0,4.0,0,27.0,0,4.0,2.0,4.0,1,0,0,0,0,0,0
6191,1006192,0,345.0,43722.0,7,3,101.0,5215.0,1.0,0,23.0,0,1.0,1.0,24.0,1,0,0,0,0,0,0
6193,1006194,0,251.0,19367.0,5,4,80.0,11889.0,6.0,0,17.0,0,2.0,2.0,12.0,1,0,0,0,0,0,0
6195,1006196,0,331.0,6480.0,10,4,43.0,2464.0,0.0,0,24.0,0,1.0,0.0,9.0,1,0,0,0,0,0,0
6205,1006206,0,244.0,27942.0,7,2,59.0,8954.0,1.0,0,33.0,1,1.0,1.0,10.0,1,0,0,0,0,0,0
6206,1006207,0,302.0,23529.0,7,2,66.0,16575.125,1.0,0,25.0,0,1.0,1.0,21.0,0,0,0,1,0,0,0
6208,1006209,0,254.0,17790.0,10,3,54.0,4693.0,3.0,0,21.0,0,3.0,0.0,9.0,0,0,0,0,0,1,0
6210,1006211,0,334.0,19572.0,10,4,94.0,5260.0,1.0,0,21.0,0,2.0,1.0,9.0,1,0,0,0,0,0,0
6212,1006213,0,414.0,32485.0,20,4,34.0,4874.0,3.0,0,18.0,0,4.0,0.0,20.0,1,0,0,0,0,0,0
6227,1006228,0,364.0,45818.0,4,1,109.0,2979.0,3.0,0,31.0,0,1.0,0.0,5.0,0,0,0,1,0,0,0
6237,1006238,1,161.0,26472.0,1,1,108.0,2184.0,1.0,1,23.0,0,3.0,0.0,3.0,0,0,0,0,0,0,1
6239,1006240,0,282.0,18946.0,3,4,56.0,9710.0,4.0,0,18.0,0,1.0,1.0,16.0,0,0,0,1,0,0,0
6246,1006247,1,319.0,5012.0,4,3,60.0,9365.0,1.0,0,25.0,0,3.0,0.0,8.0,0,0,0,0,0,1,0
6262,1006263,1,203.0,20131.0,3,1,82.0,3106.0,0.0,0,27.0,1,3.0,0.0,7.0,0,0,0,0,0,0,1
6265,1006266,1,236.0,16249.0,4,3,46.0,2297.0,9.0,1,30.0,1,3.0,0.0,3.0,0,0,0,0,0,0,1
6275,1006276,0,328.0,10958.0,21,3,70.0,2266.0,7.0,0,26.0,1,1.0,1.0,8.0,0,0,0,1,0,0,0
6280,1006281,0,305.0,42639.0,1,1,57.0,16575.125,1.0,1,22.0,0,3.0,1.0,21.0,1,0,0,0,0,0,0
6281,1006282,0,425.0,31721.0,6,3,92.0,13221.0,9.0,0,19.0,0,4.0,3.0,33.0,1,0,0,0,0,0,0
6289,1006290,0,322.0,18629.0,29,2,101.0,4566.0,2.0,0,15.0,0,2.0,1.0,19.0,1,0,0,0,0,0,0
6293,1006294,0,327.0,47889.0,28,4,97.0,4528.0,0.0,0,17.0,0,4.0,3.0,7.0,0,0,0,0,0,0,1
6295,1006296,1,266.0,10366.0,6,2,43.0,2362.0,0.0,0,27.0,0,4.0,1.0,3.0,0,0,0,0,0,1,0
6296,1006297,0,289.0,52160.0,2,2,47.0,1713.0,1.0,1,31.0,1,3.0,1.0,1.0,1,0,0,0,0,0,0
6307,1006308,0,458.0,52474.0,28,3,89.0,10273.0,4.0,0,29.0,0,4.0,0.0,22.0,0,0,0,0,0,1,0
6319,1006320,1,239.0,18696.0,20,3,76.0,9834.0,3.0,0,20.0,0,1.0,0.0,12.0,1,0,0,0,0,0,0
6320,1006321,1,262.0,34585.0,23,3,46.0,9958.0,9.0,1,25.0,0,3.0,3.0,11.0,0,0,0,0,0,0,1
6321,1006322,0,326.0,51597.0,5,2,102.0,2096.0,4.0,0,23.0,0,4.0,1.0,8.0,0,0,0,0,0,1,0
6323,1006324,1,168.0,47891.0,4,1,105.0,3898.0,5.0,0,19.0,0,3.0,0.0,4.0,0,0,0,0,0,0,1
6329,1006330,0,297.0,15516.0,8,1,59.0,3766.0,1.0,0,16.0,0,1.0,1.0,8.0,1,0,0,0,0,0,0
6333,1006334,1,200.0,14919.0,17,4,63.0,2744.0,0.0,1,14.0,0,2.0,1.0,8.0,1,0,0,0,0,0,0
6337,1006338,1,141.0,45716.0,5,3,77.0,1890.0,1.0,1,23.0,0,4.0,0.0,0.0,0,0,0,0,0,1,0
6345,1006346,0,352.0,36197.0,18,1,98.0,10539.0,5.0,0,17.0,0,4.0,0.0,28.0,0,0,0,1,0,0,0
6350,1006351,0,187.0,18737.0,24,3,49.0,2408.0,0.0,0,24.0,0,3.0,2.0,3.0,0,0,0,1,0,0,0
6357,1006358,0,387.0,43614.0,3,3,110.0,16575.125,1.0,0,14.0,0,3.0,1.0,32.0,0,0,0,1,0,0,0
6359,1006360,1,187.0,45053.0,7,3,58.0,2890.0,1.0,1,27.0,0,4.0,1.0,6.0,1,0,0,0,0,0,0
6360,1006361,1,233.0,15688.0,12,4,77.0,2043.0,1.0,0,21.0,0,3.0,1.0,1.0,1,0,0,0,0,0,0
6371,1006372,0,328.0,35043.0,9,5,79.0,5684.0,3.0,1,18.0,0,2.0,1.0,10.0,0,0,0,1,0,0,0
6381,1006382,0,230.0,5605.0,3,3,75.0,2089.0,1.0,0,29.0,1,3.0,1.0,1.0,0,0,0,1,0,0,0
6384,1006385,1,350.0,10722.0,26,4,105.0,4289.0,2.0,0,22.0,0,4.0,2.0,5.0,1,0,0,0,0,0,0
6389,1006390,0,259.0,45366.0,6,3,35.0,7732.0,3.0,0,34.0,1,3.0,1.0,15.0,1,0,0,0,0,0,0
6394,1006395,1,260.0,37664.0,3,3,76.0,3359.0,1.0,1,18.0,0,1.0,0.0,10.0,1,0,0,0,0,0,0
6399,1006400,0,221.0,28213.0,1,4,84.0,2730.0,1.0,0,23.0,0,4.0,1.0,10.0,1,0,0,0,0,0,0
6401,1006402,0,206.0,49354.0,3,1,80.0,4656.0,1.0,1,26.0,1,2.0,2.0,6.0,0,0,0,1,0,0,0
6408,1006409,1,381.0,19676.0,8,2,56.0,6801.0,3.0,1,17.0,0,1.0,1.0,18.0,0,0,0,0,0,0,1
6413,1006414,0,310.0,20307.0,5,4,58.0,10478.0,5.0,1,28.0,1,3.0,1.0,20.0,1,0,0,0,0,0,0
6417,1006418,0,215.0,10295.0,10,2,40.0,8797.0,1.0,0,31.0,1,3.0,2.0,9.0,1,0,0,0,0,0,0
6424,1006425,0,359.0,7601.0,3,3,56.0,13782.0,9.0,1,17.0,0,4.0,2.0,28.0,0,0,0,1,0,0,0
6427,1006428,1,320.0,32664.0,19,3,69.0,2771.0,6.0,1,19.0,0,4.0,0.0,7.0,0,0,0,1,0,0,0
6428,1006429,0,333.0,27133.0,15,3,53.0,6813.0,3.0,0,28.0,0,3.0,1.0,7.0,1,0,0,0,0,0,0
6438,1006439,0,248.0,15054.0,24,4,83.0,5314.0,1.0,0,19.0,0,4.0,2.0,10.0,1,0,0,0,0,0,0
6446,1006447,1,365.0,25177.0,27,2,82.0,6402.0,4.0,1,23.0,0,4.0,0.0,8.0,1,0,0,0,0,0,0
6451,1006452,0,207.0,20130.0,1,2,81.0,4370.0,3.0,0,17.0,0,1.0,1.0,5.0,1,0,0,0,0,0,0
6456,1006457,0,210.0,29018.0,8,1,96.0,4350.0,0.0,0,23.0,0,2.0,1.0,5.0,0,0,0,0,0,1,0
6458,1006459,0,294.0,8410.0,2,4,81.0,5983.0,6.0,1,18.0,0,4.0,0.0,17.0,1,0,0,0,0,0,0
6462,1006463,0,308.0,27692.0,2,2,46.0,4253.0,1.0,0,34.0,1,4.0,1.0,8.0,0,0,0,1,0,0,0
6464,1006465,0,325.0,19954.0,8,3,73.0,16575.125,1.0,0,19.0,0,2.0,1.0,24.0,1,0,0,0,0,0,0
6481,1006482,0,305.0,25211.0,16,4,60.0,5101.0,6.0,0,21.0,0,4.0,0.0,10.0,0,0,0,1,0,0,0
6485,1006486,0,289.0,16489.0,12,3,51.0,6295.0,2.0,0,24.0,0,3.0,1.0,13.0,1,0,0,0,0,0,0
6486,1006487,0,262.0,24573.0,16,4,109.0,2557.0,1.0,0,27.0,0,3.0,0.0,6.0,1,0,0,0,0,0,0
6494,1006495,1,199.0,31052.0,5,2,94.0,2369.0,1.0,1,17.0,0,1.0,1.0,8.0,0,0,0,1,0,0,0
6503,1006504,0,235.0,35430.0,5,4,84.0,3767.0,9.0,0,23.0,0,2.0,1.0,10.0,1,0,0,0,0,0,0
6507,1006508,0,401.0,31160.0,25,4,92.0,13831.0,3.0,0,26.0,1,3.0,0.0,31.0,0,0,0,1,0,0,0
6512,1006513,0,320.0,44489.0,2,1,41.0,2518.0,5.0,1,21.0,0,4.0,0.0,8.0,0,0,0,1,0,0,0
6516,1006517,1,273.0,4556.0,25,4,104.0,2031.0,1.0,1,29.0,0,1.0,1.0,10.0,1,0,0,0,0,0,0
6521,1006522,0,252.0,13270.0,5,2,55.0,6535.0,1.0,0,25.0,0,4.0,1.0,10.0,1,0,0,0,0,0,0
6528,1006529,0,283.0,43094.0,21,2,66.0,2982.0,5.0,0,21.0,0,2.0,1.0,10.0,0,0,0,1,0,0,0
6530,1006531,0,329.0,14774.0,1,3,44.0,5572.0,4.0,0,17.0,0,2.0,1.0,12.0,1,0,0,0,0,0,0
6540,1006541,1,438.0,27345.0,2,1,63.0,2385.0,9.0,1,17.0,0,4.0,1.0,3.0,1,0,0,0,0,0,0
6565,1006566,0,202.0,44910.0,1,3,57.0,4304.0,1.0,0,24.0,0,2.0,0.0,7.0,0,0,0,1,0,0,0
6571,1006572,0,303.0,51424.0,9,4,41.0,3622.0,8.0,1,25.0,0,4.0,1.0,3.0,0,0,0,1,0,0,0
6577,1006578,0,222.0,49145.0,20,3,91.0,2165.0,1.0,0,21.0,0,2.0,1.0,3.0,0,0,0,0,0,0,1
6587,1006588,0,364.0,48274.0,16,4,71.0,5079.0,1.0,1,22.0,0,3.0,0.0,20.0,0,0,0,1,0,0,0
6595,1006596,0,257.0,28953.0,1,4,89.0,5494.0,1.0,1,16.0,0,1.0,1.0,6.0,0,0,0,0,0,1,0
6596,1006597,0,317.0,29405.0,9,3,72.0,16575.125,2.0,0,28.0,0,2.0,1.0,21.0,0,0,0,1,0,0,0
6602,1006603,0,293.0,48690.0,10,1,70.0,2692.0,0.0,0,24.0,0,2.0,1.0,3.0,0,0,0,1,0,0,0
6606,1006607,0,244.0,29866.0,1,1,108.0,4160.0,1.0,0,21.0,0,3.0,1.0,4.0,1,0,0,0,0,0,0
6612,1006613,1,229.0,3822.0,5,3,72.0,2433.0,0.0,0,23.0,0,1.0,0.0,4.0,0,0,0,1,0,0,0
6625,1006626,0,420.0,4732.0,18,4,65.0,6395.0,3.0,1,25.0,0,4.0,2.0,17.0,0,0,0,1,0,0,0
6633,1006634,0,298.0,33087.0,22,3,85.0,10889.0,1.0,1,21.0,0,3.0,0.0,21.0,0,0,0,1,0,0,0
6640,1006641,0,410.0,4343.0,2,3,47.0,7530.0,2.0,0,21.0,0,1.0,1.0,30.0,0,0,0,0,0,1,0
6642,1006643,1,200.0,11981.0,2,3,61.0,2049.0,6.0,1,25.0,0,2.0,1.0,6.0,1,0,0,0,0,0,0
6645,1006646,0,297.0,41517.0,3,4,51.0,2831.0,3.0,0,24.0,0,1.0,1.0,8.0,0,0,0,0,0,1,0
6649,1006650,0,206.0,32247.0,1,1,77.0,2013.0,1.0,0,16.0,0,3.0,2.0,5.0,0,0,0,1,0,0,0
6652,1006653,0,428.0,43403.0,9,3,71.0,2947.0,2.0,0,28.0,0,2.0,1.0,18.0,0,0,0,1,0,0,0
6656,1006657,1,157.0,26925.0,9,3,64.0,2328.0,1.0,1,22.0,0,2.0,0.0,2.0,0,0,0,0,0,1,0
6667,1006668,0,421.0,38190.0,2,1,77.0,10988.0,3.0,0,23.0,0,2.0,1.0,23.0,1,0,0,0,0,0,0
6672,1006673,1,255.0,28955.0,29,4,64.0,4517.0,1.0,0,34.0,1,2.0,0.0,14.0,0,0,0,1,0,0,0
6674,1006675,0,258.0,21636.0,3,1,54.0,7763.0,0.0,0,29.0,0,3.0,0.0,7.0,1,0,0,0,0,0,0
6680,1006681,1,220.0,35318.0,1,3,54.0,2608.0,1.0,0,27.0,0,1.0,2.0,1.0,0,0,0,1,0,0,0
6681,1006682,1,386.0,33571.0,1,4,91.0,4734.0,3.0,1,20.0,0,4.0,0.0,5.0,0,0,0,0,0,1,0
6682,1006683,0,259.0,33955.0,7,3,37.0,4310.0,0.0,0,25.0,0,3.0,1.0,4.0,1,0,0,0,0,0,0
6692,1006693,0,331.0,37877.0,27,3,93.0,10825.0,8.0,0,18.0,0,3.0,1.0,18.0,1,0,0,0,0,0,0
6693,1006694,1,299.0,7108.0,2,3,90.0,12177.0,7.0,0,16.0,0,4.0,3.0,21.0,1,0,0,0,0,0,0
6698,1006699,0,236.0,27758.0,20,3,73.0,2801.0,0.0,0,21.0,0,1.0,1.0,3.0,1,0,0,0,0,0,0
6700,1006701,0,274.0,41382.0,11,2,63.0,4973.0,1.0,0,16.0,0,4.0,1.0,5.0,0,0,0,0,0,1,0
6702,1006703,0,267.0,35111.0,2,2,103.0,4044.0,2.0,0,21.0,0,4.0,0.0,5.0,1,0,0,0,0,0,0
6703,1006704,0,221.0,17159.0,10,3,68.0,3300.0,0.0,0,23.0,0,4.0,2.0,8.0,1,0,0,0,0,0,0
6707,1006708,0,218.0,27058.0,6,3,42.0,2713.0,1.0,1,19.0,0,4.0,1.0,3.0,1,0,0,0,0,0,0
6711,1006712,1,240.0,30594.0,15,3,80.0,2616.0,1.0,0,18.0,0,3.0,1.0,2.0,0,0,0,1,0,0,0
6717,1006718,0,309.0,20761.0,9,4,98.0,13510.0,9.0,0,24.0,0,3.0,0.0,20.0,0,0,0,1,0,0,0
6718,1006719,1,325.0,16846.0,12,3,56.0,13766.0,0.0,1,16.0,0,2.0,0.0,22.0,1,0,0,0,0,0,0
6725,1006726,0,308.0,31573.0,26,2,96.0,4434.0,3.0,1,24.0,0,4.0,1.0,16.0,0,0,0,1,0,0,0
6727,1006728,0,263.0,23427.0,1,3,104.0,5346.0,0.0,0,30.0,1,3.0,0.0,14.0,0,0,0,1,0,0,0
6728,1006729,0,267.0,22271.0,4,4,58.0,2387.0,1.0,0,21.0,0,2.0,1.0,2.0,0,0,0,0,0,1,0
6740,1006741,1,169.0,43969.0,3,4,56.0,2863.0,0.0,1,20.0,0,2.0,1.0,1.0,1,0,0,0,0,0,0
6746,1006747,0,311.0,41450.0,2,4,71.0,4332.0,5.0,0,19.0,0,4.0,3.0,5.0,0,0,0,1,0,0,0
6747,1006748,0,378.0,49743.0,2,3,36.0,16575.125,2.0,0,33.0,1,3.0,1.0,32.0,0,0,0,1,0,0,0
6752,1006753,0,260.0,40115.0,25,3,86.0,4545.0,1.0,0,15.0,0,1.0,1.0,10.0,0,0,0,1,0,0,0
6760,1006761,0,248.0,4072.0,13,3,81.0,2751.0,1.0,0,23.0,1,3.0,1.0,2.0,0,0,0,0,0,1,0
6761,1006762,0,244.0,46070.0,2,2,49.0,5010.0,4.0,1,18.0,0,4.0,0.0,10.0,1,0,0,0,0,0,0
6767,1006768,0,324.0,16037.0,26,5,67.0,13199.0,3.0,1,29.0,0,3.0,0.0,20.0,0,0,0,1,0,0,0
6770,1006771,0,408.0,33815.0,1,4,60.0,10514.0,7.0,0,25.0,0,1.0,1.0,33.0,1,0,0,0,0,0,0
6780,1006781,0,276.0,16420.0,3,3,52.0,3703.0,1.0,0,21.0,0,3.0,0.0,12.0,0,0,0,0,0,0,1
6791,1006792,1,192.0,20970.0,24,1,84.0,1121.0,1.0,1,25.0,0,4.0,0.0,1.0,1,0,0,0,0,0,0
6795,1006796,1,162.0,8791.0,10,2,52.0,2628.0,1.0,0,30.0,1,3.0,0.0,2.0,1,0,0,0,0,0,0
6798,1006799,0,391.0,8299.0,9,3,87.0,16575.125,4.0,1,36.0,1,1.0,1.0,31.0,1,0,0,0,0,0,0
6800,1006801,0,264.0,4737.0,19,3,49.0,4452.0,4.0,0,16.0,0,3.0,2.0,15.0,0,0,0,1,0,0,0
6801,1006802,0,218.0,27690.0,1,4,50.0,2164.0,0.0,1,22.0,0,3.0,0.0,5.0,0,0,0,1,0,0,0
6803,1006804,0,259.0,22691.0,11,3,61.0,4498.0,4.0,0,18.0,0,4.0,2.0,14.0,1,0,0,0,0,0,0
6809,1006810,0,221.0,6767.0,2,3,56.0,3878.0,1.0,1,20.0,0,2.0,1.0,2.0,1,0,0,0,0,0,0
6810,1006811,0,390.0,33885.0,6,2,51.0,2841.0,0.0,0,25.0,0,2.0,0.0,8.0,0,0,0,1,0,0,0
6816,1006817,0,345.0,12750.0,25,3,95.0,16575.125,3.0,0,25.0,1,3.0,0.0,22.0,0,0,0,1,0,0,0
6832,1006833,1,245.0,37107.0,1,3,61.0,2313.0,1.0,1,17.0,0,1.0,0.0,3.0,1,0,0,0,0,0,0
6840,1006841,0,313.0,35633.0,1,3,73.0,4107.0,0.0,0,22.0,0,4.0,1.0,10.0,0,0,0,0,0,1,0
6841,1006842,0,266.0,16881.0,4,4,91.0,4255.0,1.0,1,20.0,0,2.0,0.0,9.0,1,0,0,0,0,0,0
6848,1006849,0,282.0,21256.0,7,3,95.0,4651.0,2.0,0,20.0,0,4.0,1.0,17.0,0,0,0,0,0,1,0
6854,1006855,0,213.0,27761.0,2,1,46.0,5081.0,3.0,0,26.0,1,2.0,0.0,8.0,1,0,0,0,0,0,0
6860,1006861,1,245.0,24615.0,2,3,102.0,2793.0,7.0,0,18.0,0,3.0,0.0,3.0,1,0,0,0,0,0,0
6861,1006862,1,272.0,23179.0,18,4,75.0,4626.0,0.0,1,21.0,0,3.0,1.0,5.0,0,0,0,0,0,1,0
6862,1006863,0,293.0,24263.0,7,3,67.0,2620.0,1.0,0,17.0,0,4.0,3.0,4.0,1,0,0,0,0,0,0
6867,1006868,0,386.0,18940.0,2,3,63.0,10606.0,2.0,0,17.0,0,2.0,0.0,14.0,0,0,0,0,0,1,0
6868,1006869,0,320.0,42005.0,22,3,80.0,5473.0,3.0,1,25.0,0,1.0,2.0,12.0,1,0,0,0,0,0,0
6870,1006871,0,252.0,38888.0,5,1,72.0,10001.0,6.0,0,22.0,0,1.0,0.0,8.0,1,0,0,0,0,0,0
6874,1006875,0,395.0,11275.0,28,2,71.0,13257.0,2.0,1,16.0,0,2.0,1.0,24.0,0,0,0,1,0,0,0
6882,1006883,0,268.0,7007.0,18,2,67.0,9372.0,2.0,0,16.0,0,3.0,0.0,10.0,1,0,0,0,0,0,0
6886,1006887,1,380.0,51630.0,28,2,103.0,4288.0,3.0,0,32.0,1,1.0,0.0,20.0,1,0,0,0,0,0,0
6887,1006888,1,229.0,11807.0,14,1,93.0,7564.0,0.0,1,23.0,0,1.0,0.0,9.0,0,0,0,0,0,1,0
6892,1006893,1,241.0,23353.0,1,4,62.0,1366.0,1.0,0,24.0,0,2.0,0.0,1.0,1,0,0,0,0,0,0
6895,1006896,0,263.0,19612.0,1,4,103.0,3000.0,5.0,0,23.0,0,3.0,2.0,10.0,0,0,0,0,0,1,0
6913,1006914,1,243.0,50586.0,1,5,111.0,7453.0,1.0,0,16.0,0,1.0,0.0,10.0,1,0,0,0,0,0,0
6916,1006917,1,243.0,18316.0,2,3,100.0,3733.0,6.0,1,24.0,0,3.0,1.0,7.0,1,0,0,0,0,0,0
6927,1006928,0,255.0,15060.0,7,3,65.0,4378.0,0.0,0,22.0,0,1.0,2.0,5.0,0,0,0,1,0,0,0
6930,1006931,0,325.0,26188.0,9,2,86.0,3677.0,1.0,0,16.0,0,3.0,0.0,12.0,0,0,0,1,0,0,0
6931,1006932,0,334.0,13409.0,1,5,83.0,4775.0,7.0,0,19.0,0,3.0,1.0,11.0,0,0,0,0,0,1,0
6935,1006936,0,262.0,29021.0,15,3,74.0,16575.125,7.0,0,24.0,0,4.0,2.0,16.0,0,0,0,1,0,0,0
6936,1006937,1,216.0,52365.0,1,3,101.0,2919.0,3.0,0,27.0,0,4.0,1.0,5.0,0,0,0,0,0,0,1
6937,1006938,1,226.0,4037.0,13,3,62.0,5774.0,5.0,0,19.0,0,1.0,0.0,7.0,0,0,0,0,0,0,1
6940,1006941,1,184.0,13340.0,9,3,100.0,3181.0,2.0,1,19.0,0,3.0,0.0,4.0,0,0,0,1,0,0,0
6942,1006943,0,337.0,41758.0,2,1,92.0,10220.0,5.0,1,29.0,0,2.0,0.0,16.0,0,0,0,1,0,0,0
6948,1006949,1,213.0,10122.0,2,2,41.0,2570.0,7.0,0,22.0,0,3.0,0.0,8.0,0,0,0,1,0,0,0
6950,1006951,0,217.0,16351.0,7,3,59.0,4910.0,0.0,0,24.0,0,4.0,0.0,5.0,1,0,0,0,0,0,0
6952,1006953,0,222.0,14356.0,2,1,101.0,3183.0,0.0,0,24.0,0,3.0,3.0,4.0,1,0,0,0,0,0,0
6956,1006957,0,408.0,36753.0,11,4,90.0,16038.0,3.0,0,23.0,1,1.0,1.0,26.0,0,0,0,1,0,0,0
6965,1006966,1,245.0,19638.0,3,3,44.0,4096.0,1.0,0,18.0,0,1.0,0.0,7.0,1,0,0,0,0,0,0
6966,1006967,0,382.0,11664.0,22,5,91.0,14417.0,1.0,1,21.0,0,4.0,0.0,32.0,0,0,0,1,0,0,0
6973,1006974,0,326.0,10090.0,2,3,44.0,10135.0,2.0,1,20.0,0,3.0,1.0,24.0,1,0,0,0,0,0,0
6987,1006988,0,291.0,31091.0,10,4,83.0,6085.0,3.0,0,14.0,0,3.0,0.0,10.0,0,0,0,0,0,0,1
7005,1007006,0,226.0,34829.0,2,1,95.0,8865.0,1.0,0,25.0,0,4.0,1.0,6.0,1,0,0,0,0,0,0
7008,1007009,0,278.0,45575.0,6,4,87.0,5567.0,3.0,1,25.0,0,4.0,1.0,9.0,1,0,0,0,0,0,0
7011,1007012,0,265.0,22863.0,10,4,96.0,5071.0,1.0,0,26.0,0,2.0,1.0,8.0,0,0,0,0,0,0,1
7018,1007019,0,386.0,43196.0,20,5,51.0,11253.0,2.0,1,26.0,0,3.0,1.0,32.0,0,0,0,1,0,0,0
7024,1007025,0,238.0,25035.0,2,4,61.0,5343.0,7.0,0,21.0,0,4.0,0.0,10.0,0,0,0,0,0,1,0
7026,1007027,0,263.0,14920.0,10,4,45.0,4735.0,1.0,0,24.0,0,1.0,1.0,9.0,1,0,0,0,0,0,0
7033,1007034,1,140.0,19048.0,3,2,80.0,1577.0,1.0,1,15.0,0,3.0,0.0,0.0,0,0,0,1,0,0,0
7039,1007040,0,296.0,24894.0,4,3,86.0,5048.0,0.0,0,25.0,0,4.0,0.0,10.0,0,0,0,1,0,0,0
7045,1007046,0,336.0,21080.0,1,5,40.0,5751.0,4.0,1,22.0,0,3.0,0.0,14.0,0,0,0,0,0,0,1
7046,1007047,0,372.0,12781.0,4,5,92.0,15210.0,2.0,0,35.0,1,2.0,1.0,23.0,0,0,0,1,0,0,0
7048,1007049,0,190.0,19852.0,2,1,35.0,3769.0,1.0,1,24.0,0,3.0,0.0,6.0,0,0,0,0,0,0,1
7050,1007051,0,213.0,20694.0,2,3,96.0,2583.0,2.0,0,25.0,0,3.0,0.0,6.0,0,0,0,1,0,0,0
7054,1007055,0,199.0,27024.0,2,1,81.0,5218.0,1.0,0,27.0,0,3.0,2.0,7.0,1,0,0,0,0,0,0
7066,1007067,1,273.0,30807.0,12,4,46.0,4587.0,3.0,1,36.0,1,1.0,0.0,13.0,0,0,0,0,0,1,0
7067,1007068,0,290.0,41620.0,1,3,99.0,4745.0,7.0,0,22.0,0,4.0,2.0,19.0,1,0,0,0,0,0,0
7073,1007074,0,293.0,5189.0,2,3,46.0,2443.0,1.0,0,25.0,1,2.0,0.0,4.0,0,0,0,1,0,0,0
7084,1007085,1,367.0,24783.0,7,2,100.0,2660.0,2.0,1,21.0,0,3.0,2.0,19.0,0,0,0,1,0,0,0
7091,1007092,0,288.0,44737.0,1,4,40.0,9529.0,1.0,0,24.0,0,3.0,2.0,6.0,0,0,0,1,0,0,0
7095,1007096,0,269.0,5121.0,2,4,85.0,4942.0,0.0,1,18.0,0,3.0,0.0,6.0,0,0,0,1,0,0,0
7103,1007104,1,360.0,38261.0,9,3,88.0,12943.0,7.0,0,14.0,0,3.0,0.0,25.0,1,0,0,0,0,0,0
7106,1007107,0,243.0,20483.0,10,3,67.0,3442.0,6.0,0,17.0,0,1.0,1.0,10.0,1,0,0,0,0,0,0
7119,1007120,0,239.0,5714.0,24,1,40.0,5245.0,2.0,0,30.0,1,4.0,0.0,9.0,0,0,0,0,0,0,1
7124,1007125,0,235.0,45927.0,2,4,87.0,4978.0,0.0,0,20.0,0,4.0,0.0,10.0,0,0,0,0,0,0,1
7125,1007126,0,183.0,31404.0,10,3,65.0,2149.0,0.0,0,18.0,0,4.0,1.0,3.0,0,0,0,1,0,0,0
7126,1007127,1,229.0,21011.0,8,3,78.0,2191.0,6.0,0,20.0,0,3.0,1.0,6.0,0,0,0,0,0,0,1
7130,1007131,0,221.0,16138.0,1,3,73.0,6303.0,8.0,1,22.0,0,4.0,0.0,10.0,1,0,0,0,0,0,0
7136,1007137,0,292.0,20800.0,2,2,83.0,2480.0,4.0,0,22.0,0,2.0,1.0,9.0,0,0,0,1,0,0,0
7142,1007143,1,330.0,28252.0,17,3,49.0,2448.0,9.0,1,20.0,0,4.0,1.0,6.0,0,0,0,0,0,0,1
7159,1007160,1,335.0,15018.0,1,2,102.0,2349.0,1.0,1,23.0,0,3.0,3.0,6.0,0,0,0,1,0,0,0
7170,1007171,1,264.0,8202.0,9,4,102.0,5356.0,4.0,0,20.0,0,3.0,1.0,11.0,1,0,0,0,0,0,0
7172,1007173,0,296.0,26822.0,20,3,87.0,4137.0,2.0,0,26.0,0,4.0,1.0,7.0,1,0,0,0,0,0,0
7186,1007187,0,241.0,39385.0,7,4,71.0,9647.0,2.0,0,19.0,0,4.0,2.0,9.0,0,0,0,0,0,1,0
7190,1007191,0,443.0,42564.0,15,4,91.0,15792.0,2.0,1,23.0,0,2.0,0.0,23.0,1,0,0,0,0,0,0
7196,1007197,0,328.0,49777.0,2,4,102.0,5681.0,1.0,0,24.0,1,3.0,1.0,7.0,1,0,0,0,0,0,0
7197,1007198,0,209.0,45400.0,5,2,56.0,2384.0,0.0,1,22.0,0,3.0,0.0,6.0,1,0,0,0,0,0,0
7198,1007199,0,226.0,20096.0,20,1,43.0,3819.0,1.0,0,23.0,0,2.0,0.0,11.0,0,0,0,1,0,0,0
7199,1007200,0,250.0,46135.0,10,4,85.0,4658.0,8.0,0,21.0,0,3.0,0.0,4.0,0,0,0,0,0,1,0
7212,1007213,1,225.0,16074.0,24,2,84.0,2444.0,1.0,1,31.0,1,2.0,0.0,1.0,1,0,0,0,0,0,0
7214,1007215,0,215.0,39596.0,15,3,86.0,4784.0,0.0,0,25.0,0,4.0,1.0,8.0,1,0,0,0,0,0,0
7227,1007228,0,279.0,42461.0,2,1,98.0,3896.0,1.0,0,24.0,1,4.0,0.0,10.0,0,0,0,0,0,0,1
7231,1007232,0,366.0,4106.0,22,3,67.0,16575.125,3.0,0,20.0,0,2.0,1.0,24.0,0,0,0,1,0,0,0
7241,1007242,0,200.0,38369.0,6,3,69.0,2548.0,0.0,0,29.0,0,1.0,1.0,8.0,0,0,0,0,0,1,0
7242,1007243,0,341.0,45398.0,1,4,47.0,5406.0,4.0,0,20.0,0,3.0,0.0,12.0,0,0,0,1,0,0,0
7244,1007245,0,219.0,27409.0,1,2,50.0,6840.0,1.0,1,17.0,0,3.0,1.0,7.0,1,0,0,0,0,0,0
7245,1007246,1,229.0,26113.0,24,3,52.0,1101.0,1.0,0,25.0,0,4.0,0.0,1.0,0,0,0,0,0,0,1
7248,1007249,0,259.0,25728.0,22,4,92.0,5751.0,1.0,1,27.0,0,2.0,0.0,16.0,0,0,0,0,0,1,0
7253,1007254,0,289.0,48795.0,8,3,68.0,2136.0,1.0,1,25.0,0,3.0,1.0,20.0,0,0,0,1,0,0,0
7255,1007256,1,243.0,8338.0,5,2,55.0,2437.0,3.0,1,23.0,0,1.0,0.0,8.0,1,0,0,0,0,0,0
7257,1007258,0,376.0,37247.0,2,1,52.0,16575.125,3.0,0,18.0,0,4.0,0.0,28.0,1,0,0,0,0,0,0
7259,1007260,1,206.0,46802.0,22,3,65.0,2866.0,1.0,0,21.0,0,1.0,0.0,1.0,0,0,0,0,0,0,1
7269,1007270,0,237.0,39387.0,1,3,60.0,5011.0,1.0,0,27.0,1,2.0,0.0,10.0,1,0,0,0,0,0,0
7275,1007276,1,240.0,26395.0,26,4,72.0,5622.0,1.0,1,14.0,0,3.0,0.0,10.0,0,0,0,0,0,1,0
7278,1007279,0,259.0,45612.0,7,2,41.0,5974.0,1.0,0,28.0,1,3.0,3.0,9.0,1,0,0,0,0,0,0
7280,1007281,0,297.0,50545.0,1,4,95.0,2995.0,0.0,1,23.0,0,2.0,1.0,7.0,0,0,0,0,0,1,0
7289,1007290,0,307.0,24223.0,11,3,79.0,6335.0,1.0,0,17.0,0,1.0,1.0,10.0,0,0,0,0,0,0,1
7298,1007299,0,294.0,17784.0,6,4,80.0,5330.0,2.0,0,21.0,0,4.0,1.0,10.0,1,0,0,0,0,0,0
7318,1007319,1,177.0,22333.0,9,3,45.0,1797.0,1.0,0,27.0,0,1.0,1.0,1.0,0,0,0,0,0,1,0
7320,1007321,0,281.0,24089.0,4,2,103.0,5140.0,7.0,0,18.0,0,2.0,3.0,18.0,1,0,0,0,0,0,0
7332,1007333,1,383.0,30737.0,1,4,97.0,6737.0,7.0,0,18.0,0,4.0,2.0,12.0,1,0,0,0,0,0,0
7336,1007337,0,266.0,41974.0,18,4,83.0,5694.0,1.0,1,20.0,0,4.0,2.0,10.0,1,0,0,0,0,0,0
7345,1007346,0,273.0,30947.0,23,2,53.0,2574.0,4.0,0,26.0,0,3.0,1.0,17.0,0,0,0,1,0,0,0
7348,1007349,0,376.0,35812.0,2,3,70.0,5402.0,2.0,0,26.0,0,4.0,0.0,17.0,0,0,0,1,0,0,0
7351,1007352,0,372.0,9775.0,8,1,71.0,5138.0,1.0,0,33.0,1,4.0,1.0,10.0,1,0,0,0,0,0,0
7353,1007354,0,253.0,48725.0,3,4,68.0,2914.0,1.0,1,23.0,0,3.0,0.0,8.0,1,0,0,0,0,0,0
7355,1007356,0,247.0,35184.0,2,2,83.0,3073.0,0.0,0,24.0,0,3.0,0.0,8.0,1,0,0,0,0,0,0
7358,1007359,0,296.0,7570.0,23,3,48.0,9536.0,0.0,0,31.0,1,2.0,0.0,10.0,1,0,0,0,0,0,0
7376,1007377,1,246.0,39378.0,16,1,83.0,3926.0,1.0,1,31.0,1,2.0,0.0,10.0,1,0,0,0,0,0,0
7389,1007390,0,260.0,39947.0,1,3,49.0,5380.0,2.0,0,23.0,0,1.0,2.0,10.0,1,0,0,0,0,0,0
7393,1007394,0,212.0,34793.0,8,3,47.0,8736.0,1.0,0,21.0,0,4.0,0.0,9.0,1,0,0,0,0,0,0
7394,1007395,0,234.0,25238.0,1,2,64.0,4014.0,1.0,0,28.0,1,4.0,0.0,12.0,0,0,0,1,0,0,0
7398,1007399,0,357.0,42388.0,5,4,108.0,5783.0,4.0,1,28.0,1,3.0,0.0,14.0,0,0,0,0,0,1,0
7405,1007406,0,258.0,18036.0,1,2,109.0,13466.0,1.0,1,15.0,0,3.0,0.0,15.0,1,0,0,0,0,0,0
7406,1007407,0,270.0,29862.0,18,5,75.0,9072.0,1.0,0,26.0,1,4.0,1.0,9.0,1,0,0,0,0,0,0
7411,1007412,0,295.0,22860.0,29,5,55.0,2414.0,1.0,0,17.0,0,4.0,0.0,10.0,1,0,0,0,0,0,0
7416,1007417,0,282.0,41836.0,11,3,99.0,6511.0,1.0,0,22.0,0,3.0,0.0,6.0,1,0,0,0,0,0,0
7418,1007419,0,266.0,23244.0,1,3,87.0,2199.0,4.0,0,18.0,0,4.0,1.0,5.0,0,0,0,1,0,0,0
7420,1007421,0,453.0,42881.0,1,1,60.0,5483.0,7.0,0,17.0,0,4.0,0.0,20.0,1,0,0,0,0,0,0
7440,1007441,0,303.0,18557.0,1,4,90.0,13506.0,1.0,0,31.0,1,4.0,1.0,22.0,1,0,0,0,0,0,0
7443,1007444,0,357.0,22341.0,1,3,43.0,10684.0,2.0,1,20.0,0,3.0,1.0,21.0,0,0,0,1,0,0,0
7452,1007453,1,162.0,30495.0,6,3,77.0,2935.0,1.0,1,29.0,0,2.0,0.0,1.0,1,0,0,0,0,0,0
7456,1007457,0,385.0,39033.0,1,3,80.0,16575.125,3.0,1,28.0,0,1.0,0.0,28.0,1,0,0,0,0,0,0
7460,1007461,0,395.0,50969.0,1,4,36.0,7490.0,3.0,0,24.0,1,3.0,0.0,23.0,0,0,0,1,0,0,0
7461,1007462,1,263.0,23041.0,7,3,73.0,6082.0,1.0,1,33.0,1,4.0,0.0,9.0,1,0,0,0,0,0,0
7467,1007468,0,275.0,51352.0,11,2,101.0,9747.0,0.0,0,19.0,0,3.0,1.0,10.0,0,0,0,0,0,0,1
7469,1007470,0,333.0,13801.0,26,2,101.0,16575.125,1.0,1,22.0,0,4.0,2.0,25.0,1,0,0,0,0,0,0
7470,1007471,0,228.0,45932.0,23,3,102.0,2624.0,1.0,0,31.0,1,3.0,3.0,10.0,1,0,0,0,0,0,0
7480,1007481,0,335.0,33507.0,28,3,79.0,4742.0,4.0,0,17.0,0,4.0,0.0,18.0,0,0,0,1,0,0,0
7481,1007482,0,382.0,28323.0,12,3,81.0,9215.0,4.0,0,21.0,0,4.0,0.0,16.0,0,0,0,0,0,1,0
7486,1007487,1,387.0,40260.0,8,4,61.0,10662.0,2.0,0,22.0,0,4.0,0.0,18.0,1,0,0,0,0,0,0
7494,1007495,0,245.0,24120.0,9,2,47.0,4675.0,0.0,0,20.0,0,4.0,3.0,9.0,0,0,0,1,0,0,0
7497,1007498,0,314.0,29998.0,10,3,97.0,16575.125,4.0,0,21.0,0,2.0,1.0,21.0,1,0,0,0,0,0,0
7500,1007501,0,305.0,48828.0,26,3,66.0,5616.0,1.0,0,17.0,0,1.0,1.0,20.0,0,0,0,1,0,0,0
7504,1007505,0,243.0,33856.0,8,3,54.0,9005.0,1.0,0,20.0,0,4.0,0.0,9.0,0,0,0,0,0,1,0
7509,1007510,0,263.0,10611.0,2,4,78.0,2239.0,6.0,0,22.0,0,4.0,1.0,6.0,0,0,0,0,0,1,0
7521,1007522,1,154.0,21079.0,1,1,109.0,2329.0,0.0,0,27.0,1,1.0,0.0,1.0,0,0,0,0,0,0,1
7522,1007523,0,279.0,51807.0,3,2,39.0,2095.0,4.0,0,22.0,0,3.0,0.0,13.0,0,0,0,1,0,0,0
7538,1007539,0,264.0,37422.0,2,1,53.0,9559.0,1.0,0,23.0,0,3.0,0.0,10.0,1,0,0,0,0,0,0
7546,1007547,0,273.0,4833.0,2,3,48.0,4437.0,5.0,0,16.0,0,4.0,0.0,10.0,0,0,0,1,0,0,0
7550,1007551,0,213.0,16529.0,1,1,67.0,4305.0,5.0,0,25.0,0,3.0,1.0,6.0,0,0,0,0,0,0,1
7552,1007553,0,265.0,30734.0,10,4,55.0,3822.0,1.0,1,26.0,0,4.0,1.0,5.0,0,0,0,1,0,0,0
7557,1007558,0,281.0,22234.0,18,1,82.0,2163.0,1.0,0,19.0,0,1.0,0.0,8.0,0,0,0,1,0,0,0
7562,1007563,0,209.0,43482.0,20,3,95.0,9985.0,1.0,0,25.0,0,4.0,0.0,7.0,1,0,0,0,0,0,0
7566,1007567,1,235.0,11695.0,26,4,62.0,6699.0,5.0,0,22.0,0,3.0,0.0,9.0,0,0,0,0,0,1,0
7572,1007573,0,288.0,23215.0,11,3,59.0,12189.0,1.0,1,18.0,0,3.0,3.0,10.0,0,0,0,0,0,1,0
7576,1007577,0,284.0,11171.0,4,4,52.0,2800.0,4.0,0,24.0,0,3.0,1.0,13.0,0,0,0,0,0,1,0
7577,1007578,0,226.0,49466.0,1,1,51.0,7929.0,1.0,0,26.0,0,4.0,1.0,11.0,0,0,0,1,0,0,0
7578,1007579,0,273.0,33044.0,1,3,95.0,8796.0,1.0,0,25.0,0,1.0,0.0,10.0,0,0,0,0,0,1,0
7595,1007596,0,244.0,46451.0,3,4,79.0,13684.0,9.0,0,22.0,0,1.0,1.0,9.0,0,0,0,1,0,0,0
7599,1007600,0,347.0,41974.0,7,4,81.0,6438.0,4.0,0,27.0,0,4.0,1.0,9.0,1,0,0,0,0,0,0
7600,1007601,1,284.0,17648.0,10,3,65.0,10060.0,6.0,0,23.0,0,2.0,2.0,17.0,0,0,0,1,0,0,0
7601,1007602,0,298.0,17678.0,2,4,74.0,10948.0,0.0,0,32.0,1,4.0,0.0,20.0,0,0,0,0,0,0,1
7609,1007610,1,242.0,10753.0,29,2,80.0,3491.0,0.0,0,22.0,0,2.0,0.0,6.0,0,0,0,1,0,0,0
7610,1007611,0,252.0,45894.0,7,3,110.0,2805.0,1.0,0,31.0,1,3.0,0.0,5.0,1,0,0,0,0,0,0
7628,1007629,0,198.0,51772.0,1,3,96.0,6403.0,1.0,0,26.0,1,1.0,1.0,6.0,1,0,0,0,0,0,0
7632,1007633,0,227.0,15478.0,2,2,56.0,4559.0,1.0,0,29.0,0,1.0,0.0,10.0,1,0,0,0,0,0,0
7634,1007635,0,204.0,17371.0,11,2,71.0,4748.0,1.0,1,24.0,0,3.0,1.0,5.0,0,0,0,1,0,0,0
7636,1007637,1,342.0,32210.0,24,3,53.0,3173.0,3.0,1,27.0,1,4.0,1.0,19.0,1,0,0,0,0,0,0
7640,1007641,0,372.0,22266.0,10,4,41.0,16575.125,9.0,1,17.0,0,4.0,0.0,22.0,1,0,0,0,0,0,0
7642,1007643,0,238.0,15552.0,5,3,87.0,2798.0,1.0,0,21.0,0,3.0,1.0,2.0,0,0,0,0,0,1,0
7644,1007645,0,287.0,31118.0,9,3,65.0,2337.0,1.0,1,16.0,0,3.0,3.0,4.0,0,0,0,1,0,0,0
7645,1007646,0,323.0,19434.0,26,3,88.0,13536.0,5.0,0,25.0,0,4.0,1.0,23.0,0,0,0,0,0,1,0
7648,1007649,0,275.0,19819.0,18,4,92.0,3697.0,4.0,0,29.0,0,4.0,2.0,4.0,1,0,0,0,0,0,0
7661,1007662,0,346.0,43723.0,7,3,101.0,5219.0,1.0,0,24.0,0,1.0,1.0,24.0,1,0,0,0,0,0,0
7663,1007664,0,257.0,19358.0,5,4,81.0,11888.0,6.0,0,18.0,0,2.0,2.0,12.0,1,0,0,0,0,0,0
7665,1007666,0,326.0,6487.0,10,4,45.0,2459.0,0.0,0,30.0,0,1.0,0.0,9.0,1,0,0,0,0,0,0
7675,1007676,0,242.0,27940.0,7,2,56.0,8949.0,1.0,0,36.0,1,1.0,1.0,10.0,1,0,0,0,0,0,0
7676,1007677,0,301.0,23528.0,7,2,59.0,16575.125,1.0,0,23.0,0,1.0,1.0,21.0,0,0,0,1,0,0,0
7678,1007679,0,258.0,17784.0,10,3,52.0,4686.0,3.0,0,18.0,0,3.0,0.0,9.0,0,0,0,0,0,1,0
7680,1007681,0,327.0,19576.0,10,4,87.0,5261.0,1.0,0,19.0,0,2.0,1.0,9.0,1,0,0,0,0,0,0
7682,1007683,0,413.0,32489.0,20,4,41.0,4876.0,3.0,0,16.0,0,4.0,0.0,20.0,1,0,0,0,0,0,0
7697,1007698,0,365.0,45820.0,4,1,107.0,2980.0,3.0,0,26.0,0,1.0,0.0,5.0,0,0,0,1,0,0,0
7707,1007708,1,164.0,26467.0,1,1,107.0,2185.0,1.0,1,20.0,0,3.0,0.0,3.0,0,0,0,0,0,0,1
7709,1007710,0,280.0,18944.0,3,4,55.0,9708.0,4.0,0,20.0,0,1.0,1.0,16.0,0,0,0,1,0,0,0
7716,1007717,1,312.0,5016.0,4,3,60.0,9366.0,1.0,0,29.0,0,3.0,0.0,8.0,0,0,0,0,0,1,0
7732,1007733,1,205.0,20135.0,3,1,84.0,3107.0,0.0,0,28.0,1,3.0,0.0,7.0,0,0,0,0,0,0,1
7735,1007736,1,236.0,16246.0,4,3,48.0,2294.0,9.0,1,29.0,1,3.0,0.0,3.0,0,0,0,0,0,0,1
7745,1007746,0,332.0,10958.0,21,3,65.0,2265.0,7.0,0,24.0,1,1.0,1.0,8.0,0,0,0,1,0,0,0
7750,1007751,0,303.0,42633.0,1,1,62.0,16575.125,1.0,1,18.0,0,3.0,1.0,21.0,1,0,0,0,0,0,0
7751,1007752,0,429.0,31715.0,6,3,95.0,13220.0,9.0,0,23.0,0,4.0,3.0,33.0,1,0,0,0,0,0,0
7759,1007760,0,326.0,18630.0,29,2,102.0,4568.0,2.0,0,23.0,0,2.0,1.0,19.0,1,0,0,0,0,0,0
7763,1007764,0,320.0,47884.0,28,4,92.0,4529.0,0.0,0,18.0,0,4.0,3.0,7.0,0,0,0,0,0,0,1
7765,1007766,1,259.0,10367.0,6,2,41.0,2363.0,0.0,0,22.0,0,4.0,1.0,3.0,0,0,0,0,0,1,0
7766,1007767,0,296.0,52156.0,2,2,49.0,1712.0,1.0,1,29.0,1,3.0,1.0,1.0,1,0,0,0,0,0,0
7777,1007778,0,455.0,52469.0,28,3,84.0,10269.0,4.0,0,30.0,0,4.0,0.0,22.0,0,0,0,0,0,1,0
7789,1007790,1,241.0,18702.0,20,3,69.0,9835.0,3.0,0,17.0,0,1.0,0.0,12.0,1,0,0,0,0,0,0
7790,1007791,1,259.0,34588.0,23,3,48.0,9958.0,9.0,1,26.0,0,3.0,3.0,11.0,0,0,0,0,0,0,1
7791,1007792,0,326.0,51596.0,5,2,101.0,2100.0,4.0,0,23.0,0,4.0,1.0,8.0,0,0,0,0,0,1,0
7793,1007794,1,177.0,47892.0,4,1,103.0,3902.0,5.0,0,27.0,0,3.0,0.0,4.0,0,0,0,0,0,0,1
7799,1007800,0,304.0,15512.0,8,1,52.0,3762.0,1.0,0,19.0,0,1.0,1.0,8.0,1,0,0,0,0,0,0
7803,1007804,1,201.0,14916.0,17,4,70.0,2749.0,0.0,1,14.0,0,2.0,1.0,8.0,1,0,0,0,0,0,0
7807,1007808,1,143.0,45722.0,5,3,73.0,1885.0,1.0,1,23.0,0,4.0,0.0,0.0,0,0,0,0,0,1,0
7815,1007816,0,350.0,36200.0,18,1,94.0,10531.0,5.0,0,19.0,0,4.0,0.0,28.0,0,0,0,1,0,0,0
7820,1007821,0,192.0,18733.0,24,3,42.0,2411.0,0.0,0,18.0,0,3.0,2.0,3.0,0,0,0,1,0,0,0
7827,1007828,0,380.0,43621.0,3,3,107.0,16575.125,1.0,0,21.0,0,3.0,1.0,32.0,0,0,0,1,0,0,0
7829,1007830,1,190.0,45056.0,7,3,67.0,2892.0,1.0,1,23.0,0,4.0,1.0,6.0,1,0,0,0,0,0,0
7830,1007831,1,231.0,15687.0,12,4,85.0,2043.0,1.0,0,22.0,0,3.0,1.0,1.0,1,0,0,0,0,0,0
7841,1007842,0,328.0,35045.0,9,5,82.0,5689.0,3.0,1,20.0,0,2.0,1.0,10.0,0,0,0,1,0,0,0
7851,1007852,0,237.0,5606.0,3,3,81.0,2087.0,1.0,0,23.0,1,3.0,1.0,1.0,0,0,0,1,0,0,0
7854,1007855,1,342.0,10722.0,26,4,104.0,4290.0,2.0,0,23.0,0,4.0,2.0,5.0,1,0,0,0,0,0,0
7859,1007860,0,251.0,45366.0,6,3,33.0,7729.0,3.0,0,33.0,1,3.0,1.0,15.0,1,0,0,0,0,0,0
7864,1007865,1,260.0,37664.0,3,3,75.0,3351.0,1.0,1,17.0,0,1.0,0.0,10.0,1,0,0,0,0,0,0
7869,1007870,0,230.0,28215.0,1,4,79.0,2732.0,1.0,0,23.0,0,4.0,1.0,10.0,1,0,0,0,0,0,0
7871,1007872,0,209.0,49358.0,3,1,77.0,4652.0,1.0,1,27.0,1,2.0,2.0,6.0,0,0,0,1,0,0,0
7878,1007879,1,385.0,19675.0,8,2,60.0,6802.0,3.0,1,20.0,0,1.0,1.0,18.0,0,0,0,0,0,0,1
7883,1007884,0,303.0,20312.0,5,4,51.0,10483.0,5.0,1,32.0,1,3.0,1.0,20.0,1,0,0,0,0,0,0
7887,1007888,0,212.0,10299.0,10,2,43.0,8798.0,1.0,0,27.0,1,3.0,2.0,9.0,1,0,0,0,0,0,0
7894,1007895,0,361.0,7599.0,3,3,60.0,13776.0,9.0,1,20.0,0,4.0,2.0,28.0,0,0,0,1,0,0,0
7897,1007898,1,327.0,32665.0,19,3,60.0,2770.0,6.0,1,23.0,0,4.0,0.0,7.0,0,0,0,1,0,0,0
7898,1007899,0,326.0,27132.0,15,3,51.0,6814.0,3.0,0,23.0,0,3.0,1.0,7.0,1,0,0,0,0,0,0
7908,1007909,0,250.0,15059.0,24,4,86.0,5317.0,1.0,0,26.0,0,4.0,2.0,10.0,1,0,0,0,0,0,0
7916,1007917,1,365.0,25177.0,27,2,85.0,6404.0,4.0,1,24.0,0,4.0,0.0,8.0,1,0,0,0,0,0,0
7921,1007922,0,199.0,20136.0,1,2,78.0,4368.0,3.0,0,17.0,0,1.0,1.0,5.0,1,0,0,0,0,0,0
7926,1007927,0,207.0,29018.0,8,1,87.0,4351.0,0.0,0,22.0,0,2.0,1.0,5.0,0,0,0,0,0,1,0
7928,1007929,0,289.0,8404.0,2,4,78.0,5992.0,6.0,1,21.0,0,4.0,0.0,17.0,1,0,0,0,0,0,0
7932,1007933,0,307.0,27688.0,2,2,44.0,4250.0,1.0,0,29.0,1,4.0,1.0,8.0,0,0,0,1,0,0,0
7934,1007935,0,320.0,19960.0,8,3,78.0,16575.125,1.0,0,25.0,0,2.0,1.0,24.0,1,0,0,0,0,0,0
7951,1007952,0,309.0,25208.0,16,4,56.0,5104.0,6.0,0,19.0,0,4.0,0.0,10.0,0,0,0,1,0,0,0
7955,1007956,0,291.0,16495.0,12,3,51.0,6292.0,2.0,0,25.0,0,3.0,1.0,13.0,1,0,0,0,0,0,0
7956,1007957,0,263.0,24580.0,16,4,111.0,2561.0,1.0,0,25.0,0,3.0,0.0,6.0,1,0,0,0,0,0,0
7964,1007965,1,203.0,31052.0,5,2,96.0,2373.0,1.0,1,17.0,0,1.0,1.0,8.0,0,0,0,1,0,0,0
7973,1007974,0,234.0,35427.0,5,4,83.0,3773.0,9.0,0,22.0,0,2.0,1.0,10.0,1,0,0,0,0,0,0
7977,1007978,0,393.0,31155.0,25,4,85.0,13835.0,3.0,0,29.0,1,3.0,0.0,31.0,0,0,0,1,0,0,0
7982,1007983,0,320.0,44496.0,2,1,46.0,2522.0,5.0,1,17.0,0,4.0,0.0,8.0,0,0,0,1,0,0,0
7986,1007987,1,269.0,4560.0,25,4,101.0,2031.0,1.0,1,25.0,0,1.0,1.0,10.0,1,0,0,0,0,0,0
7991,1007992,0,244.0,13269.0,5,2,55.0,6529.0,1.0,0,21.0,0,4.0,1.0,10.0,1,0,0,0,0,0,0
7998,1007999,0,281.0,43093.0,21,2,57.0,2978.0,5.0,0,25.0,0,2.0,1.0,10.0,0,0,0,1,0,0,0
8000,1008001,0,328.0,14782.0,1,3,38.0,5568.0,4.0,0,22.0,0,2.0,1.0,12.0,1,0,0,0,0,0,0
8010,1008011,1,446.0,27345.0,2,1,62.0,2385.0,9.0,1,17.0,0,4.0,1.0,3.0,1,0,0,0,0,0,0
8035,1008036,0,203.0,44908.0,1,3,62.0,4300.0,1.0,0,19.0,0,2.0,0.0,7.0,0,0,0,1,0,0,0
8041,1008042,0,311.0,51420.0,9,4,38.0,3624.0,8.0,1,24.0,0,4.0,1.0,3.0,0,0,0,1,0,0,0
8047,1008048,0,224.0,49150.0,20,3,90.0,2162.0,1.0,0,22.0,0,2.0,1.0,3.0,0,0,0,0,0,0,1
8057,1008058,0,359.0,48277.0,16,4,73.0,5079.0,1.0,1,22.0,0,3.0,0.0,20.0,0,0,0,1,0,0,0
8065,1008066,0,253.0,28955.0,1,4,89.0,5496.0,1.0,1,25.0,0,1.0,1.0,6.0,0,0,0,0,0,1,0
8066,1008067,0,320.0,29412.0,9,3,67.0,16575.125,2.0,0,23.0,0,2.0,1.0,21.0,0,0,0,1,0,0,0
8072,1008073,0,294.0,48692.0,10,1,78.0,2693.0,0.0,0,27.0,0,2.0,1.0,3.0,0,0,0,1,0,0,0
8076,1008077,0,238.0,29864.0,1,1,102.0,4158.0,1.0,0,16.0,0,3.0,1.0,4.0,1,0,0,0,0,0,0
8082,1008083,1,228.0,3818.0,5,3,67.0,2433.0,0.0,0,27.0,0,1.0,0.0,4.0,0,0,0,1,0,0,0
8095,1008096,0,420.0,4729.0,18,4,70.0,6392.0,3.0,1,26.0,0,4.0,2.0,17.0,0,0,0,1,0,0,0
8103,1008104,0,297.0,33086.0,22,3,85.0,10892.0,1.0,1,18.0,0,3.0,0.0,21.0,0,0,0,1,0,0,0
8110,1008111,0,401.0,4345.0,2,3,43.0,7537.0,2.0,0,15.0,0,1.0,1.0,30.0,0,0,0,0,0,1,0
8112,1008113,1,205.0,11973.0,2,3,60.0,2052.0,6.0,1,17.0,0,2.0,1.0,6.0,1,0,0,0,0,0,0
8115,1008116,0,291.0,41522.0,3,4,47.0,2832.0,3.0,0,25.0,0,1.0,1.0,8.0,0,0,0,0,0,1,0
8119,1008120,0,198.0,32242.0,1,1,77.0,2013.0,1.0,0,19.0,0,3.0,2.0,5.0,0,0,0,1,0,0,0
8122,1008123,0,432.0,43403.0,9,3,69.0,2949.0,2.0,0,27.0,0,2.0,1.0,18.0,0,0,0,1,0,0,0
8126,1008127,1,162.0,26927.0,9,3,63.0,2330.0,1.0,1,18.0,0,2.0,0.0,2.0,0,0,0,0,0,1,0
8137,1008138,0,423.0,38195.0,2,1,74.0,10984.0,3.0,0,22.0,0,2.0,1.0,23.0,1,0,0,0,0,0,0
8142,1008143,1,258.0,28957.0,29,4,64.0,4520.0,1.0,0,28.0,1,2.0,0.0,14.0,0,0,0,1,0,0,0
8144,1008145,0,261.0,21633.0,3,1,51.0,7764.0,0.0,0,23.0,0,3.0,0.0,7.0,1,0,0,0,0,0,0
8150,1008151,1,221.0,35327.0,1,3,54.0,2605.0,1.0,0,22.0,0,1.0,2.0,1.0,0,0,0,1,0,0,0
8151,1008152,1,378.0,33577.0,1,4,87.0,4740.0,3.0,1,19.0,0,4.0,0.0,5.0,0,0,0,0,0,1,0
8152,1008153,0,259.0,33958.0,7,3,38.0,4311.0,0.0,0,25.0,0,3.0,1.0,4.0,1,0,0,0,0,0,0
8162,1008163,0,333.0,37881.0,27,3,87.0,10832.0,8.0,0,19.0,0,3.0,1.0,18.0,1,0,0,0,0,0,0
8163,1008164,1,301.0,7114.0,2,3,92.0,12173.0,7.0,0,20.0,0,4.0,3.0,21.0,1,0,0,0,0,0,0
8168,1008169,0,244.0,27759.0,20,3,70.0,2799.0,0.0,0,21.0,0,1.0,1.0,3.0,1,0,0,0,0,0,0
8170,1008171,0,266.0,41374.0,11,2,65.0,4977.0,1.0,0,17.0,0,4.0,1.0,5.0,0,0,0,0,0,1,0
8172,1008173,0,264.0,35111.0,2,2,100.0,4044.0,2.0,0,19.0,0,4.0,0.0,5.0,1,0,0,0,0,0,0
8173,1008174,0,229.0,17162.0,10,3,70.0,3296.0,0.0,0,26.0,0,4.0,2.0,8.0,1,0,0,0,0,0,0
8177,1008178,0,222.0,27062.0,6,3,46.0,2711.0,1.0,1,23.0,0,4.0,1.0,3.0,1,0,0,0,0,0,0
8181,1008182,1,238.0,30596.0,15,3,83.0,2614.0,1.0,0,17.0,0,3.0,1.0,2.0,0,0,0,1,0,0,0
8187,1008188,0,310.0,20761.0,9,4,93.0,13505.0,9.0,0,21.0,0,3.0,0.0,20.0,0,0,0,1,0,0,0
8188,1008189,1,318.0,16839.0,12,3,48.0,13764.0,0.0,1,24.0,0,2.0,0.0,22.0,1,0,0,0,0,0,0
8195,1008196,0,312.0,31574.0,26,2,98.0,4425.0,3.0,1,25.0,0,4.0,1.0,16.0,0,0,0,1,0,0,0
8197,1008198,0,259.0,23418.0,1,3,105.0,5350.0,0.0,0,23.0,1,3.0,0.0,14.0,0,0,0,1,0,0,0
8198,1008199,0,266.0,22264.0,4,4,59.0,2386.0,1.0,0,23.0,0,2.0,1.0,2.0,0,0,0,0,0,1,0
8210,1008211,1,172.0,43972.0,3,4,54.0,2856.0,0.0,1,23.0,0,2.0,1.0,1.0,1,0,0,0,0,0,0
8216,1008217,0,308.0,41447.0,2,4,66.0,4332.0,5.0,0,15.0,0,4.0,3.0,5.0,0,0,0,1,0,0,0
8217,1008218,0,382.0,49747.0,2,3,33.0,16575.125,2.0,0,25.0,1,3.0,1.0,32.0,0,0,0,1,0,0,0
8222,1008223,0,257.0,40118.0,25,3,89.0,4545.0,1.0,0,19.0,0,1.0,1.0,10.0,0,0,0,1,0,0,0
8230,1008231,0,251.0,4067.0,13,3,89.0,2750.0,1.0,0,26.0,1,3.0,1.0,2.0,0,0,0,0,0,1,0
8231,1008232,0,247.0,46072.0,2,2,46.0,5010.0,4.0,1,21.0,0,4.0,0.0,10.0,1,0,0,0,0,0,0
8237,1008238,0,320.0,16034.0,26,5,68.0,13199.0,3.0,1,28.0,0,3.0,0.0,20.0,0,0,0,1,0,0,0
8240,1008241,0,413.0,33816.0,1,4,62.0,10509.0,7.0,0,25.0,0,1.0,1.0,33.0,1,0,0,0,0,0,0
8250,1008251,0,278.0,16419.0,3,3,51.0,3695.0,1.0,0,23.0,0,3.0,0.0,12.0,0,0,0,0,0,0,1
8261,1008262,1,197.0,20968.0,24,1,81.0,1129.0,1.0,1,22.0,0,4.0,0.0,1.0,1,0,0,0,0,0,0
8265,1008266,1,167.0,8793.0,10,2,52.0,2636.0,1.0,0,23.0,1,3.0,0.0,2.0,1,0,0,0,0,0,0
8268,1008269,0,388.0,8301.0,9,3,94.0,16575.125,4.0,1,29.0,1,1.0,1.0,31.0,1,0,0,0,0,0,0
8270,1008271,0,262.0,4736.0,19,3,54.0,4449.0,4.0,0,25.0,0,3.0,2.0,15.0,0,0,0,1,0,0,0
8271,1008272,0,214.0,27697.0,1,4,47.0,2163.0,0.0,1,17.0,0,3.0,0.0,5.0,0,0,0,1,0,0,0
8273,1008274,0,259.0,22683.0,11,3,65.0,4501.0,4.0,0,16.0,0,4.0,2.0,14.0,1,0,0,0,0,0,0
8279,1008280,0,214.0,6759.0,2,3,59.0,3876.0,1.0,1,24.0,0,2.0,1.0,2.0,1,0,0,0,0,0,0
8280,1008281,0,393.0,33885.0,6,2,46.0,2845.0,0.0,0,22.0,0,2.0,0.0,8.0,0,0,0,1,0,0,0
8286,1008287,0,348.0,12743.0,25,3,86.0,16575.125,3.0,0,27.0,1,3.0,0.0,22.0,0,0,0,1,0,0,0
8302,1008303,1,239.0,37110.0,1,3,59.0,2312.0,1.0,1,23.0,0,1.0,0.0,3.0,1,0,0,0,0,0,0
8310,1008311,0,315.0,35635.0,1,3,77.0,4108.0,0.0,0,22.0,0,4.0,1.0,10.0,0,0,0,0,0,1,0
8311,1008312,0,266.0,16877.0,4,4,98.0,4259.0,1.0,1,20.0,0,2.0,0.0,9.0,1,0,0,0,0,0,0
8318,1008319,0,280.0,21248.0,7,3,89.0,4645.0,2.0,0,25.0,0,4.0,1.0,17.0,0,0,0,0,0,1,0
8324,1008325,0,210.0,27767.0,2,1,51.0,5074.0,3.0,0,25.0,1,2.0,0.0,8.0,1,0,0,0,0,0,0
8330,1008331,1,241.0,24615.0,2,3,96.0,2789.0,7.0,0,22.0,0,3.0,0.0,3.0,1,0,0,0,0,0,0
8331,1008332,1,272.0,23181.0,18,4,75.0,4621.0,0.0,1,26.0,0,3.0,1.0,5.0,0,0,0,0,0,1,0
8332,1008333,0,297.0,24265.0,7,3,64.0,2622.0,1.0,0,20.0,0,4.0,3.0,4.0,1,0,0,0,0,0,0
8337,1008338,0,390.0,18943.0,2,3,57.0,10603.0,2.0,0,22.0,0,2.0,0.0,14.0,0,0,0,0,0,1,0
8338,1008339,0,312.0,42010.0,22,3,82.0,5478.0,3.0,1,25.0,0,1.0,2.0,12.0,1,0,0,0,0,0,0
8340,1008341,0,255.0,38891.0,5,1,70.0,10009.0,6.0,0,23.0,0,1.0,0.0,8.0,1,0,0,0,0,0,0
8344,1008345,0,396.0,11274.0,28,2,69.0,13253.0,2.0,1,18.0,0,2.0,1.0,24.0,0,0,0,1,0,0,0
8352,1008353,0,271.0,7006.0,18,2,66.0,9367.0,2.0,0,19.0,0,3.0,0.0,10.0,1,0,0,0,0,0,0
8356,1008357,1,375.0,51637.0,28,2,108.0,4291.0,3.0,0,30.0,1,1.0,0.0,20.0,1,0,0,0,0,0,0
8357,1008358,1,224.0,11805.0,14,1,87.0,7556.0,0.0,1,24.0,0,1.0,0.0,9.0,0,0,0,0,0,1,0
8362,1008363,1,244.0,23356.0,1,4,55.0,1371.0,1.0,0,18.0,0,2.0,0.0,1.0,1,0,0,0,0,0,0
8365,1008366,0,262.0,19603.0,1,4,101.0,3008.0,5.0,0,24.0,0,3.0,2.0,10.0,0,0,0,0,0,1,0
8383,1008384,1,243.0,50583.0,1,5,108.0,7451.0,1.0,0,19.0,0,1.0,0.0,10.0,1,0,0,0,0,0,0
8386,1008387,1,239.0,18317.0,2,3,100.0,3731.0,6.0,1,18.0,0,3.0,1.0,7.0,1,0,0,0,0,0,0
8397,1008398,0,253.0,15062.0,7,3,58.0,4385.0,0.0,0,25.0,0,1.0,2.0,5.0,0,0,0,1,0,0,0
8400,1008401,0,322.0,26188.0,9,2,80.0,3682.0,1.0,0,18.0,0,3.0,0.0,12.0,0,0,0,1,0,0,0
8401,1008402,0,334.0,13413.0,1,5,88.0,4771.0,7.0,0,18.0,0,3.0,1.0,11.0,0,0,0,0,0,1,0
8405,1008406,0,263.0,29024.0,15,3,79.0,16575.125,7.0,0,19.0,0,4.0,2.0,16.0,0,0,0,1,0,0,0
8406,1008407,1,217.0,52371.0,1,3,96.0,2921.0,3.0,0,21.0,0,4.0,1.0,5.0,0,0,0,0,0,0,1
8407,1008408,1,222.0,4030.0,13,3,60.0,5773.0,5.0,0,21.0,0,1.0,0.0,7.0,0,0,0,0,0,0,1
8410,1008411,1,186.0,13346.0,9,3,94.0,3181.0,2.0,1,16.0,0,3.0,0.0,4.0,0,0,0,1,0,0,0
8412,1008413,0,339.0,41767.0,2,1,97.0,10217.0,5.0,1,24.0,0,2.0,0.0,16.0,0,0,0,1,0,0,0
8418,1008419,1,215.0,10121.0,2,2,47.0,2572.0,7.0,0,20.0,0,3.0,0.0,8.0,0,0,0,1,0,0,0
8420,1008421,0,213.0,16351.0,7,3,62.0,4910.0,0.0,0,23.0,0,4.0,0.0,5.0,1,0,0,0,0,0,0
8422,1008423,0,225.0,14358.0,2,1,107.0,3191.0,0.0,0,22.0,0,3.0,3.0,4.0,1,0,0,0,0,0,0
8426,1008427,0,412.0,36761.0,11,4,94.0,16044.0,3.0,0,26.0,1,1.0,1.0,26.0,0,0,0,1,0,0,0
8435,1008436,1,242.0,19640.0,3,3,40.0,4088.0,1.0,0,17.0,0,1.0,0.0,7.0,1,0,0,0,0,0,0
8436,1008437,0,383.0,11661.0,22,5,92.0,14417.0,1.0,1,17.0,0,4.0,0.0,32.0,0,0,0,1,0,0,0
8443,1008444,0,322.0,10092.0,2,3,52.0,10132.0,2.0,1,24.0,0,3.0,1.0,24.0,1,0,0,0,0,0,0
8457,1008458,0,288.0,31089.0,10,4,75.0,6081.0,3.0,0,17.0,0,3.0,0.0,10.0,0,0,0,0,0,0,1
8475,1008476,0,230.0,34828.0,2,1,96.0,8856.0,1.0,0,24.0,0,4.0,1.0,6.0,1,0,0,0,0,0,0
8478,1008479,0,274.0,45580.0,6,4,88.0,5565.0,3.0,1,24.0,0,4.0,1.0,9.0,1,0,0,0,0,0,0
8481,1008482,0,263.0,22863.0,10,4,97.0,5075.0,1.0,0,20.0,0,2.0,1.0,8.0,0,0,0,0,0,0,1
8488,1008489,0,381.0,43201.0,20,5,53.0,11250.0,2.0,1,24.0,0,3.0,1.0,32.0,0,0,0,1,0,0,0
8494,1008495,0,237.0,25037.0,2,4,64.0,5337.0,7.0,0,20.0,0,4.0,0.0,10.0,0,0,0,0,0,1,0
8496,1008497,0,261.0,14915.0,10,4,52.0,4727.0,1.0,0,18.0,0,1.0,1.0,9.0,1,0,0,0,0,0,0
8503,1008504,1,138.0,19043.0,3,2,82.0,1573.0,1.0,1,19.0,0,3.0,0.0,0.0,0,0,0,1,0,0,0
8509,1008510,0,299.0,24895.0,4,3,90.0,5050.0,0.0,0,16.0,0,4.0,0.0,10.0,0,0,0,1,0,0,0
8515,1008516,0,334.0,21077.0,1,5,46.0,5750.0,4.0,1,15.0,0,3.0,0.0,14.0,0,0,0,0,0,0,1
8516,1008517,0,372.0,12787.0,4,5,93.0,15213.0,2.0,0,32.0,1,2.0,1.0,23.0,0,0,0,1,0,0,0
8518,1008519,0,184.0,19851.0,2,1,38.0,3765.0,1.0,1,18.0,0,3.0,0.0,6.0,0,0,0,0,0,0,1
8520,1008521,0,208.0,20688.0,2,3,98.0,2590.0,2.0,0,16.0,0,3.0,0.0,6.0,0,0,0,1,0,0,0
8524,1008525,0,198.0,27032.0,2,1,89.0,5217.0,1.0,0,22.0,0,3.0,2.0,7.0,1,0,0,0,0,0,0
8536,1008537,1,273.0,30804.0,12,4,40.0,4584.0,3.0,1,27.0,1,1.0,0.0,13.0,0,0,0,0,0,1,0
8537,1008538,0,290.0,41623.0,1,3,93.0,4744.0,7.0,0,19.0,0,4.0,2.0,19.0,1,0,0,0,0,0,0
8543,1008544,0,294.0,5191.0,2,3,49.0,2445.0,1.0,0,27.0,1,2.0,0.0,4.0,0,0,0,1,0,0,0
8554,1008555,1,364.0,24787.0,7,2,104.0,2666.0,2.0,1,20.0,0,3.0,2.0,19.0,0,0,0,1,0,0,0
8561,1008562,0,282.0,44741.0,1,4,38.0,9534.0,1.0,0,22.0,0,3.0,2.0,6.0,0,0,0,1,0,0,0
8565,1008566,0,269.0,5122.0,2,4,83.0,4940.0,0.0,1,25.0,0,3.0,0.0,6.0,0,0,0,1,0,0,0
8573,1008574,1,359.0,38261.0,9,3,85.0,12943.0,7.0,0,22.0,0,3.0,0.0,25.0,1,0,0,0,0,0,0
8576,1008577,0,249.0,20482.0,10,3,66.0,3440.0,6.0,0,23.0,0,1.0,1.0,10.0,1,0,0,0,0,0,0
8589,1008590,0,244.0,5714.0,24,1,40.0,5247.0,2.0,0,29.0,1,4.0,0.0,9.0,0,0,0,0,0,0,1
8594,1008595,0,236.0,45926.0,2,4,88.0,4976.0,0.0,0,28.0,0,4.0,0.0,10.0,0,0,0,0,0,0,1
8595,1008596,0,187.0,31405.0,10,3,70.0,2154.0,0.0,0,22.0,0,4.0,1.0,3.0,0,0,0,1,0,0,0
8596,1008597,1,229.0,21008.0,8,3,73.0,2186.0,6.0,0,22.0,0,3.0,1.0,6.0,0,0,0,0,0,0,1
8600,1008601,0,221.0,16142.0,1,3,78.0,6306.0,8.0,1,24.0,0,4.0,0.0,10.0,1,0,0,0,0,0,0
8606,1008607,0,290.0,20802.0,2,2,80.0,2478.0,4.0,0,21.0,0,2.0,1.0,9.0,0,0,0,1,0,0,0
8612,1008613,1,326.0,28256.0,17,3,49.0,2443.0,9.0,1,28.0,0,4.0,1.0,6.0,0,0,0,0,0,0,1
8629,1008630,1,333.0,15020.0,1,2,111.0,2350.0,1.0,1,15.0,0,3.0,3.0,6.0,0,0,0,1,0,0,0
8640,1008641,1,260.0,8202.0,9,4,105.0,5355.0,4.0,0,20.0,0,3.0,1.0,11.0,1,0,0,0,0,0,0
8642,1008643,0,302.0,26820.0,20,3,95.0,4138.0,2.0,0,29.0,0,4.0,1.0,7.0,1,0,0,0,0,0,0
8656,1008657,0,245.0,39384.0,7,4,77.0,9643.0,2.0,0,17.0,0,4.0,2.0,9.0,0,0,0,0,0,1,0
8660,1008661,0,447.0,42570.0,15,4,98.0,15793.0,2.0,1,17.0,0,2.0,0.0,23.0,1,0,0,0,0,0,0
8666,1008667,0,333.0,49782.0,2,4,104.0,5684.0,1.0,0,29.0,1,3.0,1.0,7.0,1,0,0,0,0,0,0
8667,1008668,0,207.0,45401.0,5,2,58.0,2391.0,0.0,1,24.0,0,3.0,0.0,6.0,1,0,0,0,0,0,0
8668,1008669,0,226.0,20093.0,20,1,44.0,3824.0,1.0,0,24.0,0,2.0,0.0,11.0,0,0,0,1,0,0,0
8669,1008670,0,244.0,46137.0,10,4,85.0,4654.0,8.0,0,24.0,0,3.0,0.0,4.0,0,0,0,0,0,1,0
8682,1008683,1,230.0,16068.0,24,2,84.0,2449.0,1.0,1,32.0,1,2.0,0.0,1.0,1,0,0,0,0,0,0
8684,1008685,0,214.0,39588.0,15,3,80.0,4785.0,0.0,0,28.0,0,4.0,1.0,8.0,1,0,0,0,0,0,0
8697,1008698,0,276.0,42462.0,2,1,101.0,3898.0,1.0,0,26.0,1,4.0,0.0,10.0,0,0,0,0,0,0,1
8701,1008702,0,366.0,4104.0,22,3,62.0,16575.125,3.0,0,22.0,0,2.0,1.0,24.0,0,0,0,1,0,0,0
8711,1008712,0,204.0,38369.0,6,3,66.0,2550.0,0.0,0,26.0,0,1.0,1.0,8.0,0,0,0,0,0,1,0
8712,1008713,0,342.0,45404.0,1,4,54.0,5407.0,4.0,0,15.0,0,3.0,0.0,12.0,0,0,0,1,0,0,0
8714,1008715,0,216.0,27414.0,1,2,54.0,6844.0,1.0,1,23.0,0,3.0,1.0,7.0,1,0,0,0,0,0,0
8715,1008716,1,229.0,26118.0,24,3,48.0,1098.0,1.0,0,23.0,0,4.0,0.0,1.0,0,0,0,0,0,0,1
8718,1008719,0,258.0,25730.0,22,4,98.0,5752.0,1.0,1,24.0,0,2.0,0.0,16.0,0,0,0,0,0,1,0
8723,1008724,0,296.0,48797.0,8,3,67.0,2140.0,1.0,1,26.0,0,3.0,1.0,20.0,0,0,0,1,0,0,0
8725,1008726,1,243.0,8342.0,5,2,59.0,2442.0,3.0,1,23.0,0,1.0,0.0,8.0,1,0,0,0,0,0,0
8727,1008728,0,375.0,37247.0,2,1,53.0,16575.125,3.0,0,25.0,0,4.0,0.0,28.0,1,0,0,0,0,0,0
8729,1008730,1,213.0,46799.0,22,3,65.0,2869.0,1.0,0,24.0,0,1.0,0.0,1.0,0,0,0,0,0,0,1
8739,1008740,0,241.0,39379.0,1,3,53.0,5009.0,1.0,0,26.0,1,2.0,0.0,10.0,1,0,0,0,0,0,0
8745,1008746,1,242.0,26396.0,26,4,66.0,5629.0,1.0,1,18.0,0,3.0,0.0,10.0,0,0,0,0,0,1,0
8748,1008749,0,260.0,45608.0,7,2,45.0,5971.0,1.0,0,32.0,1,3.0,3.0,9.0,1,0,0,0,0,0,0
8750,1008751,0,294.0,50549.0,1,4,97.0,3000.0,0.0,1,19.0,0,2.0,1.0,7.0,0,0,0,0,0,1,0
8759,1008760,0,304.0,24224.0,11,3,78.0,6331.0,1.0,0,18.0,0,1.0,1.0,10.0,0,0,0,0,0,0,1
8768,1008769,0,297.0,17789.0,6,4,78.0,5325.0,2.0,0,19.0,0,4.0,1.0,10.0,1,0,0,0,0,0,0
8788,1008789,1,180.0,22334.0,9,3,41.0,1793.0,1.0,0,28.0,0,1.0,1.0,1.0,0,0,0,0,0,1,0
8790,1008791,0,274.0,24083.0,4,2,101.0,5138.0,7.0,0,22.0,0,2.0,3.0,18.0,1,0,0,0,0,0,0
8802,1008803,1,384.0,30738.0,1,4,106.0,6738.0,7.0,0,16.0,0,4.0,2.0,12.0,1,0,0,0,0,0,0
8806,1008807,0,273.0,41977.0,18,4,86.0,5697.0,1.0,1,22.0,0,4.0,2.0,10.0,1,0,0,0,0,0,0
8815,1008816,0,280.0,30951.0,23,2,51.0,2574.0,4.0,0,26.0,0,3.0,1.0,17.0,0,0,0,1,0,0,0
8818,1008819,0,372.0,35808.0,2,3,70.0,5401.0,2.0,0,25.0,0,4.0,0.0,17.0,0,0,0,1,0,0,0
8821,1008822,0,372.0,9805.0,8,1,76.0,5191.0,1.0,0,34.0,1,4.0,1.0,18.0,1,0,0,0,0,0,0
8823,1008824,0,261.0,48763.0,3,4,74.0,2965.0,1.0,1,26.0,0,3.0,0.0,14.0,1,0,0,0,0,0,0
8825,1008826,0,246.0,35215.0,2,2,99.0,3117.0,1.0,0,24.0,0,3.0,0.0,14.0,1,0,0,0,0,0,0
8828,1008829,0,291.0,7600.0,23,3,64.0,9583.0,0.0,0,32.0,1,2.0,0.0,16.0,1,0,0,0,0,0,0
8846,1008847,1,246.0,39417.0,16,1,85.0,3984.0,3.0,1,39.0,1,2.0,0.0,15.0,1,0,0,0,0,0,0
8859,1008860,0,254.0,39985.0,1,3,60.0,5431.0,3.0,0,36.0,0,1.0,2.0,16.0,1,0,0,0,0,0,0
8863,1008864,0,214.0,34841.0,8,3,52.0,8789.0,3.0,0,32.0,0,4.0,0.0,17.0,1,0,0,0,0,0,0
8864,1008865,0,231.0,25274.0,1,2,69.0,4061.0,1.0,0,34.0,1,4.0,0.0,15.0,0,0,0,1,0,0,0
8868,1008869,0,353.0,42439.0,5,4,114.0,5821.0,6.0,1,34.0,1,3.0,0.0,19.0,0,0,0,0,0,1,0
8875,1008876,0,261.0,18071.0,1,2,110.0,13509.0,1.0,1,28.0,0,3.0,0.0,20.0,1,0,0,0,0,0,0
8876,1008877,0,274.0,29902.0,18,5,93.0,9138.0,1.0,0,42.0,1,4.0,1.0,13.0,1,0,0,0,0,0,0
8881,1008882,0,295.0,22898.0,29,5,66.0,2450.0,3.0,0,23.0,0,4.0,0.0,14.0,1,0,0,0,0,0,0
8886,1008887,0,276.0,41875.0,11,3,106.0,6551.0,2.0,0,24.0,0,3.0,0.0,7.0,1,0,0,0,0,0,0
8888,1008889,0,270.0,23279.0,1,3,98.0,2253.0,6.0,0,27.0,0,4.0,1.0,10.0,0,0,0,1,0,0,0
8890,1008891,0,456.0,42927.0,1,1,70.0,5536.0,7.0,0,18.0,0,4.0,0.0,22.0,1,0,0,0,0,0,0
8910,1008911,0,315.0,18591.0,1,4,104.0,13559.0,2.0,0,36.0,1,4.0,1.0,32.0,1,0,0,0,0,0,0
8913,1008914,0,358.0,22386.0,1,3,53.0,10731.0,4.0,1,32.0,0,3.0,1.0,21.0,0,0,0,1,0,0,0
8922,1008923,1,155.0,30539.0,6,3,87.0,2992.0,3.0,1,30.0,0,2.0,0.0,5.0,1,0,0,0,0,0,0
8926,1008927,0,383.0,39062.0,1,3,87.0,16575.125,3.0,1,40.0,0,1.0,0.0,31.0,1,0,0,0,0,0,0
8930,1008931,0,391.0,50995.0,1,4,42.0,7533.0,5.0,0,36.0,1,3.0,0.0,29.0,0,0,0,1,0,0,0
8931,1008932,1,269.0,23073.0,7,3,88.0,6119.0,1.0,1,38.0,1,4.0,0.0,11.0,1,0,0,0,0,0,0
8937,1008938,0,281.0,51405.0,11,2,106.0,9792.0,2.0,0,32.0,0,3.0,1.0,13.0,0,0,0,0,0,0,1
8939,1008940,0,332.0,13842.0,26,2,107.0,16575.125,2.0,1,25.0,0,4.0,2.0,30.0,1,0,0,0,0,0,0
8940,1008941,0,233.0,45963.0,23,3,118.0,2680.0,1.0,0,40.0,1,3.0,3.0,11.0,1,0,0,0,0,0,0
8950,1008951,0,329.0,33543.0,28,3,90.0,4787.0,6.0,0,26.0,0,4.0,0.0,24.0,0,0,0,1,0,0,0
8951,1008952,0,381.0,28373.0,12,3,87.0,9266.0,6.0,0,30.0,0,4.0,0.0,18.0,0,0,0,0,0,1,0
8956,1008957,1,396.0,40305.0,8,4,69.0,10713.0,2.0,0,23.0,0,4.0,0.0,24.0,1,0,0,0,0,0,0
8964,1008965,0,246.0,24165.0,9,2,61.0,4720.0,2.0,0,27.0,0,4.0,3.0,17.0,0,0,0,1,0,0,0
8967,1008968,0,315.0,30037.0,10,3,106.0,16575.125,6.0,0,21.0,0,2.0,1.0,28.0,1,0,0,0,0,0,0
8970,1008971,0,314.0,48880.0,26,3,67.0,5658.0,3.0,0,29.0,0,1.0,1.0,27.0,0,0,0,1,0,0,0
8974,1008975,0,246.0,33899.0,8,3,58.0,9048.0,1.0,0,25.0,0,4.0,0.0,17.0,0,0,0,0,0,1,0
8979,1008980,0,266.0,10649.0,2,4,96.0,2286.0,6.0,0,35.0,0,4.0,1.0,7.0,0,0,0,0,0,1,0
8991,1008992,1,151.0,21117.0,1,1,113.0,2390.0,2.0,0,30.0,1,1.0,0.0,3.0,0,0,0,0,0,0,1
8992,1008993,0,275.0,51849.0,3,2,40.0,2140.0,5.0,0,33.0,0,3.0,0.0,15.0,0,0,0,1,0,0,0
9008,1009009,0,263.0,37469.0,2,1,66.0,9604.0,3.0,0,33.0,0,3.0,0.0,14.0,1,0,0,0,0,0,0
9016,1009017,0,268.0,4864.0,2,3,58.0,4484.0,6.0,0,28.0,0,4.0,0.0,17.0,0,0,0,1,0,0,0
9020,1009021,0,211.0,16559.0,1,1,74.0,4366.0,5.0,0,36.0,0,3.0,1.0,7.0,0,0,0,0,0,0,1
9022,1009023,0,268.0,30773.0,10,4,62.0,3862.0,2.0,1,29.0,0,4.0,1.0,15.0,0,0,0,1,0,0,0
9027,1009028,0,282.0,22264.0,18,1,86.0,2201.0,3.0,0,31.0,0,1.0,0.0,18.0,0,0,0,1,0,0,0
9032,1009033,0,217.0,43518.0,20,3,109.0,10032.0,2.0,0,27.0,0,4.0,0.0,12.0,1,0,0,0,0,0,0
9036,1009037,1,236.0,11738.0,26,4,69.0,6749.0,7.0,0,30.0,0,3.0,0.0,15.0,0,0,0,0,0,1,0
9042,1009043,0,291.0,23257.0,11,3,66.0,12235.0,2.0,1,24.0,0,3.0,3.0,14.0,0,0,0,0,0,1,0
9046,1009047,0,290.0,11214.0,4,4,51.0,2857.0,4.0,0,37.0,0,3.0,1.0,20.0,0,0,0,0,0,1,0
9047,1009048,0,224.0,49500.0,1,1,63.0,7979.0,2.0,0,33.0,0,4.0,1.0,16.0,0,0,0,1,0,0,0
9048,1009049,0,274.0,33084.0,1,3,115.0,8852.0,2.0,0,26.0,0,1.0,0.0,17.0,0,0,0,0,0,1,0
9065,1009066,0,239.0,46486.0,3,4,96.0,13725.0,10.0,0,36.0,0,1.0,1.0,16.0,0,0,0,1,0,0,0
9069,1009070,0,352.0,42010.0,7,4,100.0,6482.0,4.0,0,33.0,0,4.0,1.0,11.0,1,0,0,0,0,0,0
9070,1009071,1,283.0,17694.0,10,3,80.0,10111.0,7.0,0,31.0,0,2.0,2.0,23.0,0,0,0,1,0,0,0
9071,1009072,0,303.0,17708.0,2,4,79.0,11005.0,0.0,0,42.0,1,4.0,0.0,24.0,0,0,0,0,0,0,1
9079,1009080,1,237.0,10793.0,29,2,88.0,3539.0,2.0,0,30.0,0,2.0,0.0,13.0,0,0,0,1,0,0,0
9080,1009081,0,245.0,45941.0,7,3,114.0,2856.0,3.0,0,35.0,1,3.0,0.0,13.0,1,0,0,0,0,0,0
9098,1009099,0,201.0,51811.0,1,3,97.0,6465.0,3.0,0,38.0,1,1.0,1.0,14.0,1,0,0,0,0,0,0
9102,1009103,0,227.0,15525.0,2,2,61.0,4620.0,1.0,0,33.0,0,1.0,0.0,17.0,1,0,0,0,0,0,0
9104,1009105,0,203.0,17417.0,11,2,84.0,4796.0,3.0,1,29.0,0,3.0,1.0,12.0,0,0,0,1,0,0,0
9106,1009107,1,337.0,32250.0,24,3,59.0,3215.0,4.0,1,39.0,1,4.0,1.0,23.0,1,0,0,0,0,0,0
9110,1009111,0,381.0,22302.0,10,4,49.0,16575.125,9.0,1,19.0,0,4.0,0.0,23.0,1,0,0,0,0,0,0
9112,1009113,0,247.0,15602.0,5,3,99.0,2841.0,2.0,0,35.0,0,3.0,1.0,5.0,0,0,0,0,0,1,0
9114,1009115,0,289.0,31163.0,9,3,75.0,2373.0,2.0,1,23.0,0,3.0,3.0,6.0,0,0,0,1,0,0,0
9115,1009116,0,326.0,19469.0,26,3,99.0,13591.0,7.0,0,33.0,0,4.0,1.0,32.0,0,0,0,0,0,1,0
9118,1009119,0,283.0,19858.0,18,4,104.0,3745.0,4.0,0,29.0,0,4.0,2.0,10.0,1,0,0,0,0,0,0
9131,1009132,0,348.0,43771.0,7,3,107.0,5260.0,3.0,0,36.0,0,1.0,1.0,32.0,1,0,0,0,0,0,0
9133,1009134,0,259.0,19399.0,5,4,89.0,11933.0,6.0,0,32.0,0,2.0,2.0,16.0,1,0,0,0,0,0,0
9135,1009136,0,335.0,6532.0,10,4,57.0,2514.0,1.0,0,29.0,0,1.0,0.0,14.0,1,0,0,0,0,0,0
9145,1009146,0,243.0,27970.0,7,2,71.0,9005.0,2.0,0,42.0,1,1.0,1.0,15.0,1,0,0,0,0,0,0
9146,1009147,0,298.0,23562.0,7,2,65.0,16575.125,2.0,0,31.0,0,1.0,1.0,27.0,0,0,0,1,0,0,0
9148,1009149,0,254.0,17818.0,10,3,67.0,4739.0,3.0,0,28.0,0,3.0,0.0,12.0,0,0,0,0,0,1,0
9150,1009151,0,337.0,19618.0,10,4,99.0,5312.0,2.0,0,23.0,0,2.0,1.0,11.0,1,0,0,0,0,0,0
9152,1009153,0,415.0,32532.0,20,4,56.0,4918.0,4.0,0,24.0,0,4.0,0.0,23.0,1,0,0,0,0,0,0
9167,1009168,0,358.0,45853.0,4,1,109.0,3044.0,5.0,0,34.0,0,1.0,0.0,11.0,0,0,0,1,0,0,0
9177,1009178,1,165.0,26516.0,1,1,118.0,2240.0,2.0,1,25.0,0,3.0,0.0,9.0,0,0,0,0,0,0,1
9179,1009180,0,284.0,18986.0,3,4,63.0,9758.0,5.0,0,23.0,0,1.0,1.0,22.0,0,0,0,1,0,0,0
9186,1009187,1,321.0,5040.0,4,3,73.0,9418.0,1.0,0,32.0,0,3.0,0.0,10.0,0,0,0,0,0,1,0
9202,1009203,1,204.0,20184.0,3,1,90.0,3154.0,2.0,0,36.0,1,3.0,0.0,14.0,0,0,0,0,0,0,1
9205,1009206,1,230.0,16286.0,4,3,49.0,2350.0,10.0,1,41.0,1,3.0,0.0,7.0,0,0,0,0,0,0,1
9215,1009216,0,332.0,11007.0,21,3,82.0,2324.0,8.0,0,43.0,1,1.0,1.0,16.0,0,0,0,1,0,0,0
9220,1009221,0,306.0,42686.0,1,1,67.0,16575.125,1.0,1,28.0,0,3.0,1.0,25.0,1,0,0,0,0,0,0
9221,1009222,0,433.0,31750.0,6,3,107.0,13268.0,11.0,0,23.0,0,4.0,3.0,33.0,1,0,0,0,0,0,0
9229,1009230,0,329.0,18659.0,29,2,107.0,4603.0,3.0,0,18.0,0,2.0,1.0,24.0,1,0,0,0,0,0,0
9233,1009234,0,327.0,47931.0,28,4,102.0,4572.0,1.0,0,26.0,0,4.0,3.0,9.0,0,0,0,0,0,0,1
9235,1009236,1,261.0,10414.0,6,2,54.0,2413.0,2.0,0,30.0,0,4.0,1.0,4.0,0,0,0,0,0,1,0
9236,1009237,0,294.0,52206.0,2,2,61.0,1750.0,3.0,1,43.0,1,3.0,1.0,10.0,1,0,0,0,0,0,0
9247,1009248,0,462.0,52498.0,28,3,100.0,10331.0,4.0,0,41.0,0,4.0,0.0,28.0,0,0,0,0,0,1,0
9259,1009260,1,246.0,18728.0,20,3,89.0,9881.0,3.0,0,24.0,0,1.0,0.0,18.0,1,0,0,0,0,0,0
9260,1009261,1,265.0,34620.0,23,3,57.0,10000.0,10.0,1,27.0,0,3.0,3.0,14.0,0,0,0,0,0,0,1
9261,1009262,0,329.0,51642.0,5,2,110.0,2157.0,5.0,0,40.0,0,4.0,1.0,10.0,0,0,0,0,0,1,0
9263,1009264,1,172.0,47922.0,4,1,115.0,3960.0,6.0,0,31.0,0,3.0,0.0,13.0,0,0,0,0,0,0,1
9269,1009270,0,298.0,15549.0,8,1,72.0,3802.0,1.0,0,28.0,0,1.0,1.0,9.0,1,0,0,0,0,0,0
9273,1009274,1,203.0,14950.0,17,4,76.0,2803.0,1.0,1,25.0,0,2.0,1.0,10.0,1,0,0,0,0,0,0
9277,1009278,1,148.0,45751.0,5,3,85.0,1941.0,1.0,1,30.0,0,4.0,0.0,5.0,0,0,0,0,0,1,0
9285,1009286,0,357.0,36238.0,18,1,99.0,10587.0,7.0,0,25.0,0,4.0,0.0,31.0,0,0,0,1,0,0,0
9290,1009291,0,187.0,18773.0,24,3,59.0,2444.0,1.0,0,23.0,0,3.0,2.0,11.0,0,0,0,1,0,0,0
9297,1009298,0,383.0,43655.0,3,3,113.0,16575.125,1.0,0,19.0,0,3.0,1.0,33.0,0,0,0,1,0,0,0
9299,1009300,1,185.0,45094.0,7,3,71.0,2943.0,2.0,1,28.0,0,4.0,1.0,11.0,1,0,0,0,0,0,0
9300,1009301,1,235.0,15732.0,12,4,86.0,2083.0,3.0,0,31.0,0,3.0,1.0,6.0,1,0,0,0,0,0,0
9311,1009312,0,331.0,35086.0,9,5,83.0,5741.0,4.0,1,35.0,0,2.0,1.0,19.0,0,0,0,1,0,0,0
9321,1009322,0,236.0,5640.0,3,3,84.0,2151.0,1.0,0,35.0,1,3.0,1.0,5.0,0,0,0,1,0,0,0
9324,1009325,1,344.0,10745.0,26,4,121.0,4332.0,2.0,0,25.0,0,4.0,2.0,7.0,1,0,0,0,0,0,0
9329,1009330,0,258.0,45407.0,6,3,40.0,7782.0,4.0,0,40.0,1,3.0,1.0,21.0,1,0,0,0,0,0,0
9334,1009335,1,260.0,37703.0,3,3,97.0,3408.0,2.0,1,27.0,0,1.0,0.0,14.0,1,0,0,0,0,0,0
9339,1009340,0,227.0,28255.0,1,4,90.0,2779.0,2.0,0,30.0,0,4.0,1.0,14.0,1,0,0,0,0,0,0
9341,1009342,0,217.0,49405.0,3,1,81.0,4715.0,1.0,1,38.0,1,2.0,2.0,9.0,0,0,0,1,0,0,0
9348,1009349,1,387.0,19719.0,8,2,71.0,6858.0,4.0,1,28.0,0,1.0,1.0,22.0,0,0,0,0,0,0,1
9353,1009354,0,311.0,20356.0,5,4,70.0,10536.0,7.0,1,35.0,1,3.0,1.0,28.0,1,0,0,0,0,0,0
9357,1009358,0,211.0,10351.0,10,2,44.0,8863.0,3.0,0,41.0,1,3.0,2.0,14.0,1,0,0,0,0,0,0
9364,1009365,0,362.0,7635.0,3,3,68.0,13820.0,9.0,1,25.0,0,4.0,2.0,33.0,0,0,0,1,0,0,0
9367,1009368,1,325.0,32696.0,19,3,73.0,2820.0,7.0,1,23.0,0,4.0,0.0,15.0,0,0,0,1,0,0,0
9368,1009369,0,330.0,27178.0,15,3,68.0,6861.0,4.0,0,31.0,0,3.0,1.0,9.0,1,0,0,0,0,0,0
9378,1009379,0,249.0,15099.0,24,4,99.0,5374.0,2.0,0,32.0,0,4.0,2.0,16.0,1,0,0,0,0,0,0
9386,1009387,1,362.0,25205.0,27,2,93.0,6463.0,5.0,1,23.0,0,4.0,0.0,14.0,1,0,0,0,0,0,0
9391,1009392,0,207.0,20174.0,1,2,87.0,4424.0,5.0,0,23.0,0,1.0,1.0,9.0,1,0,0,0,0,0,0
9396,1009397,0,213.0,29055.0,8,1,102.0,4406.0,0.0,0,35.0,0,2.0,1.0,12.0,0,0,0,0,0,1,0
9398,1009399,0,291.0,8448.0,2,4,93.0,6038.0,6.0,1,32.0,0,4.0,0.0,20.0,1,0,0,0,0,0,0
9402,1009403,0,313.0,27740.0,2,2,61.0,4305.0,3.0,0,35.0,1,4.0,1.0,8.0,0,0,0,1,0,0,0
9404,1009405,0,328.0,20006.0,8,3,81.0,16575.125,2.0,0,26.0,0,2.0,1.0,33.0,1,0,0,0,0,0,0
9421,1009422,0,309.0,25238.0,16,4,70.0,5139.0,6.0,0,29.0,0,4.0,0.0,11.0,0,0,0,1,0,0,0
9425,1009426,0,295.0,16544.0,12,3,60.0,6350.0,4.0,0,31.0,0,3.0,1.0,23.0,1,0,0,0,0,0,0
9426,1009427,0,268.0,24617.0,16,4,121.0,2603.0,1.0,0,33.0,0,3.0,0.0,11.0,1,0,0,0,0,0,0
9434,1009435,1,206.0,31090.0,5,2,102.0,2421.0,2.0,1,23.0,0,1.0,1.0,14.0,0,0,0,1,0,0,0
9443,1009444,0,235.0,35470.0,5,4,91.0,3822.0,10.0,0,33.0,0,2.0,1.0,15.0,1,0,0,0,0,0,0
9447,1009448,0,403.0,31184.0,25,4,96.0,13887.0,3.0,0,38.0,1,3.0,0.0,33.0,0,0,0,1,0,0,0
9452,1009453,0,326.0,44532.0,2,1,53.0,2570.0,5.0,1,29.0,0,4.0,0.0,10.0,0,0,0,1,0,0,0
9456,1009457,1,275.0,4595.0,25,4,115.0,2085.0,3.0,1,31.0,0,1.0,1.0,13.0,1,0,0,0,0,0,0
9461,1009462,0,246.0,13305.0,5,2,65.0,6590.0,2.0,0,34.0,0,4.0,1.0,12.0,1,0,0,0,0,0,0
9468,1009469,0,288.0,43142.0,21,2,77.0,3034.0,6.0,0,25.0,0,2.0,1.0,18.0,0,0,0,1,0,0,0
9470,1009471,0,328.0,14823.0,1,3,46.0,5619.0,6.0,0,25.0,0,2.0,1.0,19.0,1,0,0,0,0,0,0
9480,1009481,1,445.0,27391.0,2,1,81.0,2443.0,9.0,1,32.0,0,4.0,1.0,8.0,1,0,0,0,0,0,0
9505,1009506,0,205.0,44952.0,1,3,70.0,4346.0,1.0,0,29.0,0,2.0,0.0,10.0,0,0,0,1,0,0,0
9511,1009512,0,314.0,51457.0,9,4,48.0,3677.0,8.0,1,24.0,0,4.0,1.0,8.0,0,0,0,1,0,0,0
9517,1009518,0,224.0,49187.0,20,3,104.0,2225.0,1.0,0,28.0,0,2.0,1.0,9.0,0,0,0,0,0,0,1
9527,1009528,0,357.0,48309.0,16,4,80.0,5112.0,2.0,1,31.0,0,3.0,0.0,27.0,0,0,0,1,0,0,0
9535,1009536,0,254.0,29001.0,1,4,96.0,5549.0,2.0,1,31.0,0,1.0,1.0,8.0,0,0,0,0,0,1,0
9536,1009537,0,318.0,29452.0,9,3,75.0,16575.125,2.0,0,29.0,0,2.0,1.0,25.0,0,0,0,1,0,0,0
9542,1009543,0,294.0,48732.0,10,1,88.0,2745.0,2.0,0,39.0,0,2.0,1.0,11.0,0,0,0,1,0,0,0
9546,1009547,0,247.0,29896.0,1,1,116.0,4208.0,2.0,0,23.0,0,3.0,1.0,9.0,1,0,0,0,0,0,0
9552,1009553,1,238.0,3869.0,5,3,83.0,2490.0,0.0,0,31.0,0,1.0,0.0,8.0,0,0,0,1,0,0,0
9565,1009566,0,418.0,4786.0,18,4,85.0,6438.0,4.0,1,24.0,0,4.0,2.0,22.0,0,0,0,1,0,0,0
9573,1009574,0,299.0,33113.0,22,3,102.0,10930.0,2.0,1,32.0,0,3.0,0.0,30.0,0,0,0,1,0,0,0
9580,1009581,0,409.0,4393.0,2,3,54.0,7586.0,2.0,0,21.0,0,1.0,1.0,33.0,0,0,0,0,0,1,0
9582,1009583,1,208.0,12023.0,2,3,81.0,2097.0,7.0,1,32.0,0,2.0,1.0,15.0,1,0,0,0,0,0,0
9585,1009586,0,295.0,41560.0,3,4,59.0,2888.0,3.0,0,31.0,0,1.0,1.0,18.0,0,0,0,0,0,1,0
9589,1009590,0,204.0,32292.0,1,1,89.0,2069.0,2.0,0,29.0,0,3.0,2.0,15.0,0,0,0,1,0,0,0
9592,1009593,0,429.0,43449.0,9,3,78.0,3008.0,3.0,0,38.0,0,2.0,1.0,23.0,0,0,0,1,0,0,0
9596,1009597,1,159.0,26958.0,9,3,64.0,2373.0,3.0,1,30.0,0,2.0,0.0,5.0,0,0,0,0,0,1,0
9607,1009608,0,426.0,38230.0,2,1,79.0,11033.0,5.0,0,37.0,0,2.0,1.0,29.0,1,0,0,0,0,0,0
9612,1009613,1,258.0,29002.0,29,4,75.0,4566.0,1.0,0,38.0,1,2.0,0.0,20.0,0,0,0,1,0,0,0
9614,1009615,0,265.0,21673.0,3,1,64.0,7819.0,0.0,0,25.0,0,3.0,0.0,14.0,1,0,0,0,0,0,0
9620,1009621,1,218.0,35361.0,1,3,62.0,2656.0,1.0,0,31.0,0,1.0,2.0,8.0,0,0,0,1,0,0,0
9621,1009622,1,386.0,33610.0,1,4,99.0,4782.0,4.0,1,30.0,0,4.0,0.0,12.0,0,0,0,0,0,1,0
9622,1009623,0,260.0,33993.0,7,3,49.0,4364.0,2.0,0,33.0,0,3.0,1.0,13.0,1,0,0,0,0,0,0
9632,1009633,0,335.0,37926.0,27,3,96.0,10892.0,9.0,0,28.0,0,3.0,1.0,19.0,1,0,0,0,0,0,0
9633,1009634,1,299.0,7163.0,2,3,102.0,12228.0,8.0,0,23.0,0,4.0,3.0,23.0,1,0,0,0,0,0,0
9638,1009639,0,242.0,27807.0,20,3,79.0,2858.0,0.0,0,28.0,0,1.0,1.0,9.0,1,0,0,0,0,0,0
9640,1009641,0,270.0,41427.0,11,2,72.0,5029.0,3.0,0,27.0,0,4.0,1.0,10.0,0,0,0,0,0,1,0
9642,1009643,0,262.0,35155.0,2,2,113.0,4088.0,2.0,0,25.0,0,4.0,0.0,8.0,1,0,0,0,0,0,0
9643,1009644,0,230.0,17210.0,10,3,78.0,3353.0,2.0,0,34.0,0,4.0,2.0,15.0,1,0,0,0,0,0,0
9647,1009648,0,224.0,27098.0,6,3,51.0,2759.0,3.0,1,27.0,0,4.0,1.0,6.0,1,0,0,0,0,0,0
9651,1009652,1,238.0,30633.0,15,3,91.0,2659.0,1.0,0,34.0,0,3.0,1.0,6.0,0,0,0,1,0,0,0
9657,1009658,0,309.0,20799.0,9,4,99.0,13550.0,9.0,0,35.0,0,3.0,0.0,21.0,0,0,0,1,0,0,0
9658,1009659,1,323.0,16894.0,12,3,65.0,13821.0,1.0,1,23.0,0,2.0,0.0,28.0,1,0,0,0,0,0,0
9665,1009666,0,307.0,31615.0,26,2,108.0,4480.0,4.0,1,29.0,0,4.0,1.0,17.0,0,0,0,1,0,0,0
9667,1009668,0,264.0,23462.0,1,3,113.0,5406.0,2.0,0,33.0,1,3.0,0.0,18.0,0,0,0,1,0,0,0
9668,1009669,0,268.0,22317.0,4,4,68.0,2434.0,2.0,0,35.0,0,2.0,1.0,8.0,0,0,0,0,0,1,0
9680,1009681,1,175.0,44013.0,3,4,67.0,2918.0,2.0,1,33.0,0,2.0,1.0,3.0,1,0,0,0,0,0,0
9686,1009687,0,312.0,41486.0,2,4,74.0,4374.0,6.0,0,30.0,0,4.0,3.0,10.0,0,0,0,1,0,0,0
9687,1009688,0,380.0,49783.0,2,3,53.0,16575.125,4.0,0,42.0,1,3.0,1.0,33.0,0,0,0,1,0,0,0
9692,1009693,0,257.0,40162.0,25,3,102.0,4589.0,3.0,0,23.0,0,1.0,1.0,11.0,0,0,0,1,0,0,0
9700,1009701,0,254.0,4119.0,13,3,94.0,2808.0,1.0,0,35.0,1,3.0,1.0,7.0,0,0,0,0,0,1,0
9701,1009702,0,249.0,46098.0,2,2,61.0,5062.0,4.0,1,33.0,0,4.0,0.0,14.0,1,0,0,0,0,0,0
9707,1009708,0,326.0,16073.0,26,5,76.0,13252.0,5.0,1,36.0,0,3.0,0.0,25.0,0,0,0,1,0,0,0
9710,1009711,0,413.0,33866.0,1,4,74.0,10557.0,8.0,0,33.0,0,1.0,1.0,33.0,1,0,0,0,0,0,0
9720,1009721,0,276.0,16451.0,3,3,65.0,3764.0,2.0,0,24.0,0,3.0,0.0,20.0,0,0,0,0,0,0,1
9731,1009732,1,201.0,21011.0,24,1,84.0,1177.0,2.0,1,30.0,0,4.0,0.0,6.0,1,0,0,0,0,0,0
9735,1009736,1,171.0,8841.0,10,2,61.0,2681.0,1.0,0,36.0,1,3.0,0.0,6.0,1,0,0,0,0,0,0
9738,1009739,0,389.0,8347.0,9,3,101.0,16575.125,6.0,1,33.0,1,1.0,1.0,33.0,1,0,0,0,0,0,0
9740,1009741,0,262.0,4780.0,19,3,63.0,4502.0,6.0,0,29.0,0,3.0,2.0,19.0,0,0,0,1,0,0,0
9741,1009742,0,221.0,27726.0,1,4,60.0,2203.0,0.0,1,23.0,0,3.0,0.0,9.0,0,0,0,1,0,0,0
9743,1009744,0,270.0,22740.0,11,3,75.0,4549.0,4.0,0,31.0,0,4.0,2.0,23.0,1,0,0,0,0,0,0
9749,1009750,0,223.0,6799.0,2,3,76.0,3917.0,1.0,1,26.0,0,2.0,1.0,3.0,1,0,0,0,0,0,0
9750,1009751,0,396.0,33929.0,6,2,58.0,2896.0,1.0,0,36.0,0,2.0,0.0,14.0,0,0,0,1,0,0,0
9756,1009757,0,352.0,12784.0,25,3,106.0,16575.125,3.0,0,38.0,1,3.0,0.0,24.0,0,0,0,1,0,0,0
9772,1009773,1,242.0,37138.0,1,3,67.0,2349.0,2.0,1,25.0,0,1.0,0.0,5.0,1,0,0,0,0,0,0
9780,1009781,0,317.0,35682.0,1,3,84.0,4157.0,0.0,0,27.0,0,4.0,1.0,16.0,0,0,0,0,0,1,0
9781,1009782,0,268.0,16909.0,4,4,108.0,4294.0,3.0,1,22.0,0,2.0,0.0,11.0,1,0,0,0,0,0,0
9788,1009789,0,281.0,21306.0,7,3,96.0,4691.0,3.0,0,35.0,0,4.0,1.0,21.0,0,0,0,0,0,1,0
9794,1009795,0,213.0,27812.0,2,1,64.0,5127.0,4.0,0,28.0,1,2.0,0.0,9.0,1,0,0,0,0,0,0
9800,1009801,1,246.0,24652.0,2,3,106.0,2847.0,7.0,0,34.0,0,3.0,0.0,9.0,1,0,0,0,0,0,0
9801,1009802,1,269.0,23217.0,18,4,87.0,4668.0,0.0,1,25.0,0,3.0,1.0,7.0,0,0,0,0,0,1,0
9802,1009803,0,297.0,24310.0,7,3,80.0,2677.0,2.0,0,25.0,0,4.0,3.0,8.0,1,0,0,0,0,0,0
9807,1009808,0,393.0,18979.0,2,3,61.0,10659.0,4.0,0,23.0,0,2.0,0.0,19.0,0,0,0,0,0,1,0
9808,1009809,0,321.0,42052.0,22,3,88.0,5523.0,5.0,1,29.0,0,1.0,2.0,13.0,1,0,0,0,0,0,0
9810,1009811,0,261.0,38934.0,5,1,73.0,10059.0,7.0,0,32.0,0,1.0,0.0,12.0,1,0,0,0,0,0,0
9814,1009815,0,399.0,11321.0,28,2,79.0,13291.0,3.0,1,27.0,0,2.0,1.0,29.0,0,0,0,1,0,0,0
9822,1009823,0,271.0,7051.0,18,2,75.0,9421.0,2.0,0,21.0,0,3.0,0.0,10.0,1,0,0,0,0,0,0
9826,1009827,1,374.0,51665.0,28,2,113.0,4336.0,5.0,0,33.0,1,1.0,0.0,23.0,1,0,0,0,0,0,0
9827,1009828,1,227.0,11848.0,14,1,103.0,7618.0,2.0,1,31.0,0,1.0,0.0,11.0,0,0,0,0,0,1,0
9832,1009833,1,244.0,23402.0,1,4,73.0,1409.0,2.0,0,25.0,0,2.0,0.0,7.0,1,0,0,0,0,0,0
9835,1009836,0,266.0,19656.0,1,4,108.0,3051.0,5.0,0,29.0,0,3.0,2.0,15.0,0,0,0,0,0,1,0
9853,1009854,1,245.0,50627.0,1,5,119.0,7500.0,3.0,0,35.0,0,1.0,0.0,11.0,1,0,0,0,0,0,0
9856,1009857,1,237.0,18350.0,2,3,106.0,3768.0,8.0,1,28.0,0,3.0,1.0,14.0,1,0,0,0,0,0,0
9867,1009868,0,255.0,15090.0,7,3,73.0,4431.0,2.0,0,22.0,0,1.0,2.0,7.0,0,0,0,1,0,0,0
9870,1009871,0,324.0,26226.0,9,2,94.0,3742.0,1.0,0,35.0,0,3.0,0.0,19.0,0,0,0,1,0,0,0
9871,1009872,0,341.0,13449.0,1,5,90.0,4827.0,9.0,0,27.0,0,3.0,1.0,15.0,0,0,0,0,0,1,0
9875,1009876,0,268.0,29049.0,15,3,92.0,16575.125,7.0,0,33.0,0,4.0,2.0,22.0,0,0,0,1,0,0,0
9876,1009877,1,224.0,52414.0,1,3,111.0,2973.0,3.0,0,28.0,0,4.0,1.0,9.0,0,0,0,0,0,0,1
9877,1009878,1,225.0,4067.0,13,3,70.0,5813.0,5.0,0,27.0,0,1.0,0.0,17.0,0,0,0,0,0,0,1
9880,1009881,1,192.0,13379.0,9,3,110.0,3229.0,3.0,1,20.0,0,3.0,0.0,9.0,0,0,0,1,0,0,0
9882,1009883,0,341.0,41809.0,2,1,109.0,10267.0,5.0,1,34.0,0,2.0,0.0,22.0,0,0,0,1,0,0,0
9888,1009889,1,220.0,10154.0,2,2,56.0,2614.0,9.0,0,29.0,0,3.0,0.0,15.0,0,0,0,1,0,0,0
9890,1009891,0,217.0,16387.0,7,3,78.0,4950.0,2.0,0,26.0,0,4.0,0.0,7.0,1,0,0,0,0,0,0
9892,1009893,0,231.0,14388.0,2,1,115.0,3242.0,1.0,0,22.0,0,3.0,3.0,9.0,1,0,0,0,0,0,0
9896,1009897,0,413.0,36787.0,11,4,107.0,16096.0,5.0,0,37.0,1,1.0,1.0,27.0,0,0,0,1,0,0,0
9905,1009906,1,238.0,19691.0,3,3,50.0,4147.0,1.0,0,21.0,0,1.0,0.0,12.0,1,0,0,0,0,0,0
9906,1009907,0,388.0,11703.0,22,5,113.0,14468.0,2.0,1,28.0,0,4.0,0.0,33.0,0,0,0,1,0,0,0
9913,1009914,0,328.0,10125.0,2,3,59.0,10168.0,3.0,1,27.0,0,3.0,1.0,33.0,1,0,0,0,0,0,0
9927,1009928,0,290.0,31133.0,10,4,90.0,6142.0,4.0,0,32.0,0,3.0,0.0,20.0,0,0,0,0,0,0,1
9945,1009946,0,223.0,34875.0,2,1,99.0,8922.0,2.0,0,34.0,0,4.0,1.0,7.0,1,0,0,0,0,0,0
9948,1009949,0,279.0,45623.0,6,4,99.0,5612.0,3.0,1,28.0,0,4.0,1.0,9.0,1,0,0,0,0,0,0
9951,1009952,0,265.0,22901.0,10,4,110.0,5126.0,1.0,0,28.0,0,2.0,1.0,8.0,0,0,0,0,0,0,1
9958,1009959,0,384.0,43232.0,20,5,58.0,11306.0,3.0,1,27.0,0,3.0,1.0,33.0,0,0,0,1,0,0,0
9964,1009965,0,240.0,25068.0,2,4,71.0,5393.0,7.0,0,22.0,0,4.0,0.0,17.0,0,0,0,0,0,1,0
9966,1009967,0,268.0,14966.0,10,4,58.0,4793.0,2.0,0,25.0,0,1.0,1.0,15.0,1,0,0,0,0,0,0
9973,1009974,1,148.0,19091.0,3,2,85.0,1628.0,3.0,1,19.0,0,3.0,0.0,5.0,0,0,0,1,0,0,0
9979,1009980,0,300.0,24945.0,4,3,99.0,5100.0,2.0,0,31.0,0,4.0,0.0,15.0,0,0,0,1,0,0,0
9985,1009986,0,341.0,21108.0,1,5,48.0,5800.0,4.0,1,30.0,0,3.0,0.0,22.0,0,0,0,0,0,0,1
9986,1009987,0,371.0,12812.0,4,5,103.0,15264.0,3.0,0,37.0,1,2.0,1.0,29.0,0,0,0,1,0,0,0
9988,1009989,0,186.0,19897.0,2,1,49.0,3814.0,1.0,1,22.0,0,3.0,0.0,12.0,0,0,0,0,0,0,1
9990,1009991,0,217.0,20732.0,2,3,112.0,2648.0,2.0,0,29.0,0,3.0,0.0,11.0,0,0,0,1,0,0,0
9994,1009995,0,194.0,27061.0,2,1,91.0,5272.0,2.0,0,39.0,0,3.0,2.0,8.0,1,0,0,0,0,0,0
10006,1010007,1,269.0,30854.0,12,4,56.0,4630.0,3.0,1,41.0,1,1.0,0.0,20.0,0,0,0,0,0,1,0
10007,1010008,0,298.0,41673.0,1,3,107.0,4805.0,8.0,0,23.0,0,4.0,2.0,23.0,1,0,0,0,0,0,0
10013,1010014,0,294.0,5219.0,2,3,60.0,2491.0,3.0,0,34.0,1,2.0,0.0,8.0,0,0,0,1,0,0,0
10024,1010025,1,370.0,24832.0,7,2,113.0,2718.0,4.0,1,23.0,0,3.0,2.0,26.0,0,0,0,1,0,0,0
10031,1010032,0,289.0,44787.0,1,4,50.0,9583.0,3.0,0,26.0,0,3.0,2.0,11.0,0,0,0,1,0,0,0
10035,1010036,0,274.0,5148.0,2,4,104.0,4995.0,2.0,1,25.0,0,3.0,0.0,10.0,0,0,0,1,0,0,0
10043,1010044,1,366.0,38305.0,9,3,97.0,12994.0,9.0,0,30.0,0,3.0,0.0,33.0,1,0,0,0,0,0,0
10046,1010047,0,248.0,20521.0,10,3,71.0,3489.0,6.0,0,29.0,0,1.0,1.0,16.0,1,0,0,0,0,0,0
10059,1010060,0,238.0,5753.0,24,1,40.0,5291.0,4.0,0,37.0,1,4.0,0.0,13.0,0,0,0,0,0,0,1
10064,1010065,0,233.0,45964.0,2,4,92.0,5020.0,2.0,0,35.0,0,4.0,0.0,19.0,0,0,0,0,0,0,1
10065,1010066,0,188.0,31438.0,10,3,79.0,2195.0,0.0,0,29.0,0,4.0,1.0,8.0,0,0,0,1,0,0,0
10066,1010067,1,239.0,21042.0,8,3,78.0,2240.0,8.0,0,30.0,0,3.0,1.0,10.0,0,0,0,0,0,0,1
10070,1010071,0,226.0,16189.0,1,3,88.0,6360.0,10.0,1,26.0,0,4.0,0.0,15.0,1,0,0,0,0,0,0
10076,1010077,0,297.0,20830.0,2,2,100.0,2537.0,4.0,0,23.0,0,2.0,1.0,16.0,0,0,0,1,0,0,0
10082,1010083,1,332.0,28287.0,17,3,56.0,2486.0,9.0,1,31.0,0,4.0,1.0,9.0,0,0,0,0,0,0,1
10099,1010100,1,336.0,15053.0,1,2,110.0,2392.0,1.0,1,28.0,0,3.0,3.0,12.0,0,0,0,1,0,0,0
10110,1010111,1,268.0,8237.0,9,4,107.0,5401.0,5.0,0,29.0,0,3.0,1.0,16.0,1,0,0,0,0,0,0
10112,1010113,0,306.0,26849.0,20,3,92.0,4174.0,4.0,0,30.0,0,4.0,1.0,12.0,1,0,0,0,0,0,0
10126,1010127,0,244.0,39419.0,7,4,87.0,9700.0,3.0,0,26.0,0,4.0,2.0,17.0,0,0,0,0,0,1,0
10130,1010131,0,446.0,42614.0,15,4,102.0,15833.0,2.0,1,24.0,0,2.0,0.0,25.0,1,0,0,0,0,0,0
10136,1010137,0,335.0,49809.0,2,4,115.0,5722.0,2.0,0,29.0,1,3.0,1.0,10.0,1,0,0,0,0,0,0
10137,1010138,0,209.0,45450.0,5,2,63.0,2436.0,2.0,1,32.0,0,3.0,0.0,11.0,1,0,0,0,0,0,0
10138,1010139,0,224.0,20149.0,20,1,64.0,3879.0,3.0,0,20.0,0,2.0,0.0,16.0,0,0,0,1,0,0,0
10139,1010140,0,245.0,46173.0,10,4,92.0,4707.0,10.0,0,29.0,0,3.0,0.0,5.0,0,0,0,0,0,1,0
10152,1010153,1,226.0,16114.0,24,2,97.0,2493.0,3.0,1,39.0,1,2.0,0.0,5.0,1,0,0,0,0,0,0
10154,1010155,0,215.0,39621.0,15,3,101.0,4833.0,1.0,0,31.0,0,4.0,1.0,14.0,1,0,0,0,0,0,0
10167,1010168,0,277.0,42504.0,2,1,108.0,3942.0,3.0,0,38.0,1,4.0,0.0,14.0,0,0,0,0,0,0,1
10171,1010172,0,373.0,4150.0,22,3,69.0,16575.125,4.0,0,24.0,0,2.0,1.0,33.0,0,0,0,1,0,0,0
10181,1010182,0,208.0,38409.0,6,3,76.0,2608.0,1.0,0,39.0,0,1.0,1.0,12.0,0,0,0,0,0,1,0
10182,1010183,0,348.0,45445.0,1,4,52.0,5454.0,4.0,0,27.0,0,3.0,0.0,14.0,0,0,0,1,0,0,0
10184,1010185,0,221.0,27452.0,1,2,54.0,6898.0,3.0,1,27.0,0,3.0,1.0,11.0,1,0,0,0,0,0,0
10185,1010186,1,229.0,26163.0,24,3,61.0,1156.0,2.0,0,40.0,0,4.0,0.0,6.0,0,0,0,0,0,0,1
10188,1010189,0,262.0,25780.0,22,4,112.0,5799.0,3.0,1,23.0,0,2.0,0.0,23.0,0,0,0,0,0,1,0
10193,1010194,0,295.0,48845.0,8,3,77.0,2182.0,1.0,1,27.0,0,3.0,1.0,28.0,0,0,0,1,0,0,0
10195,1010196,1,245.0,8380.0,5,2,62.0,2502.0,5.0,1,29.0,0,1.0,0.0,14.0,1,0,0,0,0,0,0
10197,1010198,0,375.0,37292.0,2,1,54.0,16575.125,5.0,0,29.0,0,4.0,0.0,33.0,1,0,0,0,0,0,0
10199,1010200,1,216.0,46848.0,22,3,68.0,2919.0,2.0,0,28.0,0,1.0,0.0,8.0,0,0,0,0,0,0,1
10209,1010210,0,242.0,39433.0,1,3,70.0,5046.0,3.0,0,40.0,1,2.0,0.0,13.0,1,0,0,0,0,0,0
10215,1010216,1,246.0,26433.0,26,4,86.0,5685.0,3.0,1,32.0,0,3.0,0.0,17.0,0,0,0,0,0,1,0
10218,1010219,0,256.0,45642.0,7,2,47.0,6017.0,1.0,0,30.0,1,3.0,3.0,17.0,1,0,0,0,0,0,0
10220,1010221,0,299.0,50601.0,1,4,108.0,3043.0,0.0,1,31.0,0,2.0,1.0,10.0,0,0,0,0,0,1,0
10229,1010230,0,310.0,24274.0,11,3,87.0,6379.0,1.0,0,28.0,0,1.0,1.0,14.0,0,0,0,0,0,0,1
10238,1010239,0,295.0,17830.0,6,4,92.0,5385.0,4.0,0,26.0,0,4.0,1.0,14.0,1,0,0,0,0,0,0
10258,1010259,1,182.0,22378.0,9,3,52.0,1860.0,2.0,0,26.0,0,1.0,1.0,7.0,0,0,0,0,0,1,0
10260,1010261,0,278.0,24128.0,4,2,112.0,5185.0,9.0,0,28.0,0,2.0,3.0,25.0,1,0,0,0,0,0,0
10272,1010273,1,384.0,30779.0,1,4,105.0,6784.0,8.0,0,23.0,0,4.0,2.0,20.0,1,0,0,0,0,0,0
10276,1010277,0,273.0,42011.0,18,4,98.0,5744.0,3.0,1,27.0,0,4.0,2.0,12.0,1,0,0,0,0,0,0
10285,1010286,0,280.0,30990.0,23,2,58.0,2625.0,4.0,0,25.0,0,3.0,1.0,20.0,0,0,0,1,0,0,0
10288,1010289,0,375.0,35858.0,2,3,80.0,5447.0,4.0,0,22.0,0,4.0,0.0,24.0,0,0,0,1,0,0,0
10291,1010292,0,378.0,9803.0,8,1,70.0,5193.0,1.0,0,32.0,1,4.0,1.0,11.0,1,0,0,0,0,0,0
10293,1010294,0,253.0,48762.0,3,4,71.0,2959.0,1.0,1,22.0,0,3.0,0.0,11.0,1,0,0,0,0,0,0
10295,1010296,0,246.0,35218.0,2,2,94.0,3116.0,0.0,0,26.0,0,3.0,0.0,11.0,1,0,0,0,0,0,0
10298,1010299,0,293.0,7602.0,23,3,66.0,9586.0,0.0,0,35.0,1,2.0,0.0,16.0,1,0,0,0,0,0,0
10316,1010317,1,253.0,39434.0,16,1,95.0,3980.0,2.0,1,39.0,1,2.0,0.0,17.0,1,0,0,0,0,0,0
10329,1010330,0,253.0,39992.0,1,3,59.0,5428.0,2.0,0,36.0,0,1.0,2.0,13.0,1,0,0,0,0,0,0
10333,1010334,0,211.0,34831.0,8,3,58.0,8769.0,3.0,0,26.0,0,4.0,0.0,16.0,1,0,0,0,0,0,0
10334,1010335,0,234.0,25275.0,1,2,72.0,4064.0,2.0,0,38.0,1,4.0,0.0,20.0,0,0,0,1,0,0,0
10338,1010339,0,354.0,42439.0,5,4,119.0,5837.0,4.0,1,31.0,1,3.0,0.0,18.0,0,0,0,0,0,1,0
10345,1010346,0,260.0,18069.0,1,2,119.0,13514.0,2.0,1,27.0,0,3.0,0.0,20.0,1,0,0,0,0,0,0
10346,1010347,0,277.0,29902.0,18,5,93.0,9131.0,1.0,0,35.0,1,4.0,1.0,17.0,1,0,0,0,0,0,0
10351,1010352,0,293.0,22890.0,29,5,68.0,2470.0,1.0,0,28.0,0,4.0,0.0,15.0,1,0,0,0,0,0,0
10356,1010357,0,284.0,41870.0,11,3,111.0,6552.0,1.0,0,22.0,0,3.0,0.0,14.0,1,0,0,0,0,0,0
10358,1010359,0,273.0,23285.0,1,3,101.0,2258.0,4.0,0,32.0,0,4.0,1.0,8.0,0,0,0,1,0,0,0
10360,1010361,0,450.0,42929.0,1,1,77.0,5534.0,7.0,0,30.0,0,4.0,0.0,25.0,1,0,0,0,0,0,0
10380,1010381,0,305.0,18601.0,1,4,100.0,13566.0,1.0,0,35.0,1,4.0,1.0,31.0,1,0,0,0,0,0,0
10383,1010384,0,356.0,22371.0,1,3,59.0,10737.0,3.0,1,32.0,0,3.0,1.0,28.0,0,0,0,1,0,0,0
10392,1010393,1,162.0,30522.0,6,3,91.0,2978.0,2.0,1,31.0,0,2.0,0.0,7.0,1,0,0,0,0,0,0
10396,1010397,0,381.0,39087.0,1,3,92.0,16575.125,4.0,1,42.0,0,1.0,0.0,33.0,1,0,0,0,0,0,0
10400,1010401,0,388.0,51003.0,1,4,47.0,7545.0,5.0,0,35.0,1,3.0,0.0,29.0,0,0,0,1,0,0,0
10401,1010402,1,267.0,23070.0,7,3,89.0,6127.0,3.0,1,42.0,1,4.0,0.0,14.0,1,0,0,0,0,0,0
10407,1010408,0,276.0,51402.0,11,2,106.0,9802.0,2.0,0,31.0,0,3.0,1.0,14.0,0,0,0,0,0,0,1
10409,1010410,0,336.0,13834.0,26,2,106.0,16575.125,3.0,1,27.0,0,4.0,2.0,29.0,1,0,0,0,0,0,0
10410,1010411,0,238.0,45956.0,23,3,110.0,2673.0,1.0,0,40.0,1,3.0,3.0,18.0,1,0,0,0,0,0,0
10420,1010421,0,335.0,33547.0,28,3,90.0,4804.0,5.0,0,21.0,0,4.0,0.0,25.0,0,0,0,1,0,0,0
10421,1010422,0,389.0,28365.0,12,3,92.0,9279.0,5.0,0,34.0,0,4.0,0.0,20.0,0,0,0,0,0,1,0
10426,1010427,1,395.0,40285.0,8,4,71.0,10702.0,3.0,0,37.0,0,4.0,0.0,25.0,1,0,0,0,0,0,0
10434,1010435,0,248.0,24165.0,9,2,54.0,4722.0,1.0,0,31.0,0,4.0,3.0,15.0,0,0,0,1,0,0,0
10437,1010438,0,315.0,30043.0,10,3,109.0,16575.125,5.0,0,20.0,0,2.0,1.0,24.0,1,0,0,0,0,0,0
10440,1010441,0,309.0,48881.0,26,3,62.0,5664.0,3.0,0,31.0,0,1.0,1.0,23.0,0,0,0,1,0,0,0
10444,1010445,0,248.0,33888.0,8,3,70.0,9052.0,3.0,0,30.0,0,4.0,0.0,12.0,0,0,0,0,0,1,0
10449,1010450,0,267.0,10656.0,2,4,91.0,2281.0,8.0,0,31.0,0,4.0,1.0,12.0,0,0,0,0,0,1,0
10461,1010462,1,154.0,21123.0,1,1,113.0,2391.0,2.0,0,31.0,1,1.0,0.0,4.0,0,0,0,0,0,0,1
10462,1010463,0,281.0,51839.0,3,2,46.0,2146.0,6.0,0,27.0,0,3.0,0.0,19.0,0,0,0,1,0,0,0
10478,1010479,0,269.0,37454.0,2,1,55.0,9602.0,1.0,0,28.0,0,3.0,0.0,13.0,1,0,0,0,0,0,0
10486,1010487,0,277.0,4886.0,2,3,60.0,4478.0,7.0,0,26.0,0,4.0,0.0,17.0,0,0,0,1,0,0,0
10490,1010491,0,217.0,16572.0,1,1,86.0,4345.0,6.0,0,31.0,0,3.0,1.0,13.0,0,0,0,0,0,0,1
10492,1010493,0,268.0,30767.0,10,4,57.0,3882.0,3.0,1,37.0,0,4.0,1.0,9.0,0,0,0,1,0,0,0
10497,1010498,0,276.0,22273.0,18,1,81.0,2207.0,3.0,0,23.0,0,1.0,0.0,15.0,0,0,0,1,0,0,0
10502,1010503,0,216.0,43519.0,20,3,103.0,10038.0,2.0,0,33.0,0,4.0,0.0,17.0,1,0,0,0,0,0,0
10506,1010507,1,236.0,11735.0,26,4,71.0,6762.0,6.0,0,24.0,0,3.0,0.0,14.0,0,0,0,0,0,1,0
10512,1010513,0,284.0,23265.0,11,3,62.0,12242.0,1.0,1,29.0,0,3.0,3.0,15.0,0,0,0,0,0,1,0
10516,1010517,0,287.0,11207.0,4,4,50.0,2849.0,4.0,0,32.0,0,3.0,1.0,16.0,0,0,0,0,0,1,0
10517,1010518,0,225.0,49504.0,1,1,55.0,7981.0,1.0,0,28.0,0,4.0,1.0,18.0,0,0,0,1,0,0,0
10518,1010519,0,275.0,33091.0,1,3,110.0,8845.0,2.0,0,29.0,0,1.0,0.0,16.0,0,0,0,0,0,1,0
10535,1010536,0,245.0,46498.0,3,4,95.0,13728.0,9.0,0,31.0,0,1.0,1.0,19.0,0,0,0,1,0,0,0
10539,1010540,0,351.0,42017.0,7,4,87.0,6497.0,5.0,0,29.0,0,4.0,1.0,13.0,1,0,0,0,0,0,0
10540,1010541,1,288.0,17684.0,10,3,70.0,10103.0,8.0,0,24.0,0,2.0,2.0,23.0,0,0,0,1,0,0,0
10541,1010542,0,301.0,17715.0,2,4,86.0,10992.0,2.0,0,40.0,1,4.0,0.0,30.0,0,0,0,0,0,0,1
10549,1010550,1,246.0,10799.0,29,2,88.0,3532.0,0.0,0,29.0,0,2.0,0.0,13.0,0,0,0,1,0,0,0
10550,1010551,0,248.0,45927.0,7,3,125.0,2841.0,3.0,0,31.0,1,3.0,0.0,13.0,1,0,0,0,0,0,0
10568,1010569,0,206.0,51826.0,1,3,104.0,6462.0,1.0,0,35.0,1,1.0,1.0,13.0,1,0,0,0,0,0,0
10572,1010573,0,224.0,15523.0,2,2,63.0,4623.0,3.0,0,40.0,0,1.0,0.0,10.0,1,0,0,0,0,0,0
10574,1010575,0,201.0,17400.0,11,2,76.0,4801.0,3.0,1,32.0,0,3.0,1.0,13.0,0,0,0,1,0,0,0
10576,1010577,1,345.0,32250.0,24,3,56.0,3211.0,4.0,1,40.0,1,4.0,1.0,25.0,1,0,0,0,0,0,0
10580,1010581,0,374.0,22302.0,10,4,52.0,16575.125,9.0,1,21.0,0,4.0,0.0,32.0,1,0,0,0,0,0,0
10582,1010583,0,246.0,15578.0,5,3,103.0,2857.0,1.0,0,27.0,0,3.0,1.0,2.0,0,0,0,0,0,1,0
10584,1010585,0,290.0,31162.0,9,3,73.0,2383.0,3.0,1,30.0,0,3.0,3.0,10.0,0,0,0,1,0,0,0
10585,1010586,0,324.0,19487.0,26,3,94.0,13591.0,6.0,0,35.0,0,4.0,1.0,32.0,0,0,0,0,0,1,0
10588,1010589,0,278.0,19859.0,18,4,96.0,3743.0,6.0,0,29.0,0,4.0,2.0,9.0,1,0,0,0,0,0,0
10601,1010602,0,346.0,43761.0,7,3,116.0,5271.0,1.0,0,40.0,0,1.0,1.0,28.0,1,0,0,0,0,0,0
10603,1010604,0,253.0,19409.0,5,4,86.0,11940.0,8.0,0,23.0,0,2.0,2.0,18.0,1,0,0,0,0,0,0
10605,1010606,0,328.0,6525.0,10,4,47.0,2500.0,0.0,0,39.0,0,1.0,0.0,11.0,1,0,0,0,0,0,0
10615,1010616,0,243.0,27981.0,7,2,71.0,8993.0,2.0,0,39.0,1,1.0,1.0,19.0,1,0,0,0,0,0,0
10616,1010617,0,304.0,23556.0,7,2,78.0,16575.125,1.0,0,36.0,0,1.0,1.0,24.0,0,0,0,1,0,0,0
10618,1010619,0,253.0,17837.0,10,3,70.0,4731.0,5.0,0,27.0,0,3.0,0.0,10.0,0,0,0,0,0,1,0
10620,1010621,0,328.0,19614.0,10,4,97.0,5310.0,3.0,0,28.0,0,2.0,1.0,13.0,1,0,0,0,0,0,0
10622,1010623,0,415.0,32529.0,20,4,58.0,4916.0,3.0,0,26.0,0,4.0,0.0,27.0,1,0,0,0,0,0,0
10637,1010638,0,359.0,45869.0,4,1,125.0,3026.0,5.0,0,31.0,0,1.0,0.0,10.0,0,0,0,1,0,0,0
10647,1010648,1,164.0,26508.0,1,1,115.0,2240.0,2.0,1,26.0,0,3.0,0.0,9.0,0,0,0,0,0,0,1
10649,1010650,0,281.0,18980.0,3,4,63.0,9766.0,5.0,0,34.0,0,1.0,1.0,21.0,0,0,0,1,0,0,0
10656,1010657,1,318.0,5064.0,4,3,68.0,9418.0,3.0,0,39.0,0,3.0,0.0,9.0,0,0,0,0,0,1,0
10672,1010673,1,204.0,20170.0,3,1,86.0,3161.0,0.0,0,37.0,1,3.0,0.0,7.0,0,0,0,0,0,0,1
10675,1010676,1,236.0,16285.0,4,3,58.0,2340.0,11.0,1,37.0,1,3.0,0.0,13.0,0,0,0,0,0,0,1
10685,1010686,0,329.0,11017.0,21,3,76.0,2313.0,9.0,0,33.0,1,1.0,1.0,15.0,0,0,0,1,0,0,0
10690,1010691,0,299.0,42672.0,1,1,65.0,16575.125,3.0,1,30.0,0,3.0,1.0,22.0,1,0,0,0,0,0,0
10691,1010692,0,432.0,31750.0,6,3,98.0,13269.0,10.0,0,26.0,0,4.0,3.0,33.0,1,0,0,0,0,0,0
10699,1010700,0,322.0,18678.0,29,2,102.0,4612.0,3.0,0,21.0,0,2.0,1.0,26.0,1,0,0,0,0,0,0
10703,1010704,0,323.0,47935.0,28,4,111.0,4585.0,0.0,0,24.0,0,4.0,3.0,11.0,0,0,0,0,0,0,1
10705,1010706,1,264.0,10403.0,6,2,48.0,2404.0,2.0,0,26.0,0,4.0,1.0,8.0,0,0,0,0,0,1,0
10706,1010707,0,299.0,52207.0,2,2,61.0,1769.0,2.0,1,32.0,1,3.0,1.0,8.0,1,0,0,0,0,0,0
10717,1010718,0,463.0,52512.0,28,3,92.0,10327.0,6.0,0,31.0,0,4.0,0.0,28.0,0,0,0,0,0,1,0
10729,1010730,1,244.0,18727.0,20,3,87.0,9876.0,5.0,0,26.0,0,1.0,0.0,18.0,1,0,0,0,0,0,0
10730,1010731,1,267.0,34633.0,23,3,55.0,10018.0,9.0,1,30.0,0,3.0,3.0,19.0,0,0,0,0,0,0,1
10731,1010732,0,321.0,51629.0,5,2,114.0,2147.0,6.0,0,33.0,0,4.0,1.0,16.0,0,0,0,0,0,1,0
10733,1010734,1,171.0,47921.0,4,1,108.0,3949.0,7.0,0,34.0,0,3.0,0.0,11.0,0,0,0,0,0,0,1
10739,1010740,0,299.0,15563.0,8,1,64.0,3811.0,1.0,0,24.0,0,1.0,1.0,14.0,1,0,0,0,0,0,0
10743,1010744,1,205.0,14947.0,17,4,68.0,2794.0,2.0,1,32.0,0,2.0,1.0,17.0,1,0,0,0,0,0,0
10747,1010748,1,144.0,45753.0,5,3,87.0,1933.0,3.0,1,31.0,0,4.0,0.0,7.0,0,0,0,0,0,1,0
10755,1010756,0,353.0,36246.0,18,1,107.0,10587.0,7.0,0,23.0,0,4.0,0.0,29.0,0,0,0,1,0,0,0
10760,1010761,0,190.0,18776.0,24,3,61.0,2459.0,1.0,0,31.0,0,3.0,2.0,5.0,0,0,0,1,0,0,0
10767,1010768,0,389.0,43647.0,3,3,117.0,16575.125,1.0,0,27.0,0,3.0,1.0,33.0,0,0,0,1,0,0,0
10769,1010770,1,193.0,45095.0,7,3,70.0,2951.0,2.0,1,34.0,0,4.0,1.0,10.0,1,0,0,0,0,0,0
10770,1010771,1,231.0,15740.0,12,4,86.0,2091.0,3.0,0,37.0,0,3.0,1.0,6.0,1,0,0,0,0,0,0
10781,1010782,0,330.0,35092.0,9,5,90.0,5736.0,5.0,1,25.0,0,2.0,1.0,16.0,0,0,0,1,0,0,0
10791,1010792,0,232.0,5654.0,3,3,91.0,2130.0,3.0,0,31.0,1,3.0,1.0,5.0,0,0,0,1,0,0,0
10794,1010795,1,349.0,10757.0,26,4,124.0,4341.0,3.0,0,30.0,0,4.0,2.0,7.0,1,0,0,0,0,0,0
10799,1010800,0,255.0,45409.0,6,3,42.0,7789.0,3.0,0,31.0,1,3.0,1.0,20.0,1,0,0,0,0,0,0
10804,1010805,1,252.0,37706.0,3,3,88.0,3404.0,1.0,1,27.0,0,1.0,0.0,16.0,1,0,0,0,0,0,0
10809,1010810,0,230.0,28266.0,1,4,90.0,2776.0,2.0,0,34.0,0,4.0,1.0,13.0,1,0,0,0,0,0,0
10811,1010812,0,211.0,49391.0,3,1,90.0,4697.0,2.0,1,32.0,1,2.0,2.0,13.0,0,0,0,1,0,0,0
10818,1010819,1,381.0,19707.0,8,2,61.0,6857.0,3.0,1,25.0,0,1.0,1.0,20.0,0,0,0,0,0,0,1
10823,1010824,0,309.0,20350.0,5,4,71.0,10536.0,5.0,1,27.0,1,3.0,1.0,22.0,1,0,0,0,0,0,0
10827,1010828,0,214.0,10338.0,10,2,56.0,8853.0,2.0,0,34.0,1,3.0,2.0,17.0,1,0,0,0,0,0,0
10834,1010835,0,365.0,7647.0,3,3,62.0,13826.0,10.0,1,27.0,0,4.0,2.0,31.0,0,0,0,1,0,0,0
10837,1010838,1,320.0,32696.0,19,3,70.0,2814.0,8.0,1,20.0,0,4.0,0.0,16.0,0,0,0,1,0,0,0
10838,1010839,0,335.0,27170.0,15,3,64.0,6852.0,5.0,0,29.0,0,3.0,1.0,10.0,1,0,0,0,0,0,0
10848,1010849,0,252.0,15103.0,24,4,97.0,5357.0,3.0,0,28.0,0,4.0,2.0,17.0,1,0,0,0,0,0,0
10856,1010857,1,363.0,25220.0,27,2,97.0,6460.0,4.0,1,31.0,0,4.0,0.0,12.0,1,0,0,0,0,0,0
10861,1010862,0,200.0,20177.0,1,2,82.0,4417.0,5.0,0,27.0,0,1.0,1.0,8.0,1,0,0,0,0,0,0
10866,1010867,0,215.0,29066.0,8,1,102.0,4398.0,2.0,0,43.0,0,2.0,1.0,12.0,0,0,0,0,0,1,0
10868,1010869,0,295.0,8457.0,2,4,83.0,6052.0,6.0,1,24.0,0,4.0,0.0,22.0,1,0,0,0,0,0,0
10872,1010873,0,305.0,27728.0,2,2,52.0,4297.0,1.0,0,38.0,1,4.0,1.0,11.0,0,0,0,1,0,0,0
10874,1010875,0,320.0,19989.0,8,3,90.0,16575.125,3.0,0,27.0,0,2.0,1.0,33.0,1,0,0,0,0,0,0
10891,1010892,0,307.0,25257.0,16,4,67.0,5142.0,7.0,0,34.0,0,4.0,0.0,16.0,0,0,0,1,0,0,0
10895,1010896,0,299.0,16527.0,12,3,60.0,6348.0,3.0,0,35.0,0,3.0,1.0,17.0,1,0,0,0,0,0,0
10896,1010897,0,262.0,24621.0,16,4,118.0,2614.0,1.0,0,38.0,0,3.0,0.0,10.0,1,0,0,0,0,0,0
10904,1010905,1,205.0,31092.0,5,2,106.0,2431.0,2.0,1,32.0,0,1.0,1.0,9.0,0,0,0,1,0,0,0
10913,1010914,0,236.0,35471.0,5,4,100.0,3818.0,10.0,0,19.0,0,2.0,1.0,20.0,1,0,0,0,0,0,0
10917,1010918,0,403.0,31189.0,25,4,96.0,13878.0,5.0,0,38.0,1,3.0,0.0,33.0,0,0,0,1,0,0,0
10922,1010923,0,322.0,44533.0,2,1,48.0,2567.0,7.0,1,26.0,0,4.0,0.0,12.0,0,0,0,1,0,0,0
10926,1010927,1,272.0,4602.0,25,4,107.0,2072.0,3.0,1,37.0,0,1.0,1.0,15.0,1,0,0,0,0,0,0
10931,1010932,0,246.0,13312.0,5,2,70.0,6573.0,1.0,0,33.0,0,4.0,1.0,10.0,1,0,0,0,0,0,0
10938,1010939,0,286.0,43118.0,21,2,72.0,3034.0,7.0,0,31.0,0,2.0,1.0,15.0,0,0,0,1,0,0,0
10940,1010941,0,329.0,14805.0,1,3,44.0,5616.0,5.0,0,34.0,0,2.0,1.0,22.0,1,0,0,0,0,0,0
10950,1010951,1,445.0,27368.0,2,1,75.0,2447.0,11.0,1,30.0,0,4.0,1.0,9.0,1,0,0,0,0,0,0
10975,1010976,0,203.0,44953.0,1,3,71.0,4357.0,3.0,0,20.0,0,2.0,0.0,15.0,0,0,0,1,0,0,0
10981,1010982,0,305.0,51468.0,9,4,43.0,3669.0,9.0,1,22.0,0,4.0,1.0,8.0,0,0,0,1,0,0,0
10987,1010988,0,231.0,49188.0,20,3,94.0,2215.0,2.0,0,29.0,0,2.0,1.0,4.0,0,0,0,0,0,0,1
10997,1010998,0,359.0,48304.0,16,4,77.0,5120.0,3.0,1,28.0,0,3.0,0.0,26.0,0,0,0,1,0,0,0
11005,1011006,0,257.0,28987.0,1,4,101.0,5541.0,3.0,1,28.0,0,1.0,1.0,7.0,0,0,0,0,0,1,0
11006,1011007,0,319.0,29449.0,9,3,80.0,16575.125,3.0,0,32.0,0,2.0,1.0,28.0,0,0,0,1,0,0,0
11012,1011013,0,294.0,48737.0,10,1,83.0,2738.0,1.0,0,29.0,0,2.0,1.0,11.0,0,0,0,1,0,0,0
11016,1011017,0,241.0,29907.0,1,1,115.0,4210.0,3.0,0,31.0,0,3.0,1.0,11.0,1,0,0,0,0,0,0
11022,1011023,1,236.0,3858.0,5,3,80.0,2485.0,1.0,0,32.0,0,1.0,0.0,11.0,0,0,0,1,0,0,0
11035,1011036,0,426.0,4780.0,18,4,76.0,6443.0,5.0,1,37.0,0,4.0,2.0,19.0,0,0,0,1,0,0,0
11043,1011044,0,307.0,33122.0,22,3,108.0,10930.0,1.0,1,31.0,0,3.0,0.0,23.0,0,0,0,1,0,0,0
11050,1011051,0,412.0,4382.0,2,3,57.0,7575.0,3.0,0,21.0,0,1.0,1.0,33.0,0,0,0,0,0,1,0
11052,1011053,1,204.0,12023.0,2,3,75.0,2091.0,6.0,1,32.0,0,2.0,1.0,11.0,1,0,0,0,0,0,0
11055,1011056,0,295.0,41566.0,3,4,69.0,2872.0,5.0,0,31.0,0,1.0,1.0,13.0,0,0,0,0,0,1,0
11059,1011060,0,203.0,32280.0,1,1,85.0,2075.0,3.0,0,34.0,0,3.0,2.0,14.0,0,0,0,1,0,0,0
11062,1011063,0,428.0,43455.0,9,3,78.0,2994.0,2.0,0,36.0,0,2.0,1.0,23.0,0,0,0,1,0,0,0
11066,1011067,1,165.0,26971.0,9,3,78.0,2381.0,1.0,1,28.0,0,2.0,0.0,3.0,0,0,0,0,0,1,0
11077,1011078,0,424.0,38222.0,2,1,90.0,11028.0,4.0,0,34.0,0,2.0,1.0,32.0,1,0,0,0,0,0,0
11082,1011083,1,257.0,28999.0,29,4,77.0,4561.0,1.0,0,31.0,1,2.0,0.0,23.0,0,0,0,1,0,0,0
11084,1011085,0,267.0,21684.0,3,1,53.0,7818.0,1.0,0,26.0,0,3.0,0.0,14.0,1,0,0,0,0,0,0
11090,1011091,1,224.0,35372.0,1,3,66.0,2658.0,2.0,0,23.0,0,1.0,2.0,7.0,0,0,0,1,0,0,0
11091,1011092,1,384.0,33615.0,1,4,95.0,4781.0,4.0,1,38.0,0,4.0,0.0,14.0,0,0,0,0,0,1,0
11092,1011093,0,255.0,33992.0,7,3,51.0,4364.0,0.0,0,33.0,0,3.0,1.0,9.0,1,0,0,0,0,0,0
11102,1011103,0,331.0,37928.0,27,3,95.0,10869.0,9.0,0,24.0,0,3.0,1.0,24.0,1,0,0,0,0,0,0
11103,1011104,1,297.0,7156.0,2,3,101.0,12233.0,9.0,0,20.0,0,4.0,3.0,21.0,1,0,0,0,0,0,0
11108,1011109,0,239.0,27792.0,20,3,80.0,2843.0,0.0,0,20.0,0,1.0,1.0,7.0,1,0,0,0,0,0,0
11110,1011111,0,274.0,41421.0,11,2,68.0,5018.0,1.0,0,27.0,0,4.0,1.0,10.0,0,0,0,0,0,1,0
11112,1011113,0,260.0,35163.0,2,2,112.0,4079.0,3.0,0,19.0,0,4.0,0.0,7.0,1,0,0,0,0,0,0
11113,1011114,0,231.0,17202.0,10,3,82.0,3351.0,1.0,0,31.0,0,4.0,2.0,13.0,1,0,0,0,0,0,0
11117,1011118,0,215.0,27104.0,6,3,58.0,2758.0,3.0,1,29.0,0,4.0,1.0,7.0,1,0,0,0,0,0,0
11121,1011122,1,243.0,30633.0,15,3,86.0,2671.0,1.0,0,33.0,0,3.0,1.0,11.0,0,0,0,1,0,0,0
11127,1011128,0,309.0,20802.0,9,4,111.0,13556.0,11.0,0,30.0,0,3.0,0.0,26.0,0,0,0,1,0,0,0
11128,1011129,1,323.0,16871.0,12,3,60.0,13826.0,1.0,1,34.0,0,2.0,0.0,26.0,1,0,0,0,0,0,0
11135,1011136,0,306.0,31618.0,26,2,110.0,4489.0,5.0,1,22.0,0,4.0,1.0,24.0,0,0,0,1,0,0,0
11137,1011138,0,267.0,23466.0,1,3,113.0,5405.0,0.0,0,32.0,1,3.0,0.0,16.0,0,0,0,1,0,0,0
11138,1011139,0,272.0,22315.0,4,4,59.0,2444.0,1.0,0,26.0,0,2.0,1.0,8.0,0,0,0,0,0,1,0
11150,1011151,1,177.0,44013.0,3,4,64.0,2915.0,2.0,1,29.0,0,2.0,1.0,5.0,1,0,0,0,0,0,0
11156,1011157,0,314.0,41498.0,2,4,86.0,4380.0,6.0,0,28.0,0,4.0,3.0,8.0,0,0,0,1,0,0,0
11157,1011158,0,380.0,49785.0,2,3,49.0,16575.125,4.0,0,42.0,1,3.0,1.0,33.0,0,0,0,1,0,0,0
11162,1011163,0,261.0,40153.0,25,3,101.0,4593.0,2.0,0,28.0,0,1.0,1.0,14.0,0,0,0,1,0,0,0
11170,1011171,0,249.0,4114.0,13,3,101.0,2795.0,2.0,0,29.0,1,3.0,1.0,10.0,0,0,0,0,0,1,0
11171,1011172,0,248.0,46096.0,2,2,55.0,5051.0,4.0,1,30.0,0,4.0,0.0,11.0,1,0,0,0,0,0,0
11177,1011178,0,326.0,16077.0,26,5,75.0,13246.0,3.0,1,40.0,0,3.0,0.0,27.0,0,0,0,1,0,0,0
11180,1011181,0,418.0,33855.0,1,4,77.0,10554.0,7.0,0,35.0,0,1.0,1.0,33.0,1,0,0,0,0,0,0
11190,1011191,0,276.0,16466.0,3,3,63.0,3745.0,3.0,0,27.0,0,3.0,0.0,19.0,0,0,0,0,0,0,1
11201,1011202,1,196.0,21018.0,24,1,89.0,1172.0,2.0,1,33.0,0,4.0,0.0,9.0,1,0,0,0,0,0,0
11205,1011206,1,163.0,8823.0,10,2,58.0,2684.0,3.0,0,32.0,1,3.0,0.0,11.0,1,0,0,0,0,0,0
11208,1011209,0,391.0,8339.0,9,3,102.0,16575.125,6.0,1,40.0,1,1.0,1.0,33.0,1,0,0,0,0,0,0
11210,1011211,0,264.0,4780.0,19,3,61.0,4503.0,6.0,0,37.0,0,3.0,2.0,20.0,0,0,0,1,0,0,0
11211,1011212,0,215.0,27722.0,1,4,56.0,2198.0,2.0,1,29.0,0,3.0,0.0,12.0,0,0,0,1,0,0,0
11213,1011214,0,268.0,22722.0,11,3,74.0,4549.0,4.0,0,26.0,0,4.0,2.0,19.0,1,0,0,0,0,0,0
11219,1011220,0,218.0,6794.0,2,3,67.0,3928.0,2.0,1,31.0,0,2.0,1.0,7.0,1,0,0,0,0,0,0
11220,1011221,0,390.0,33921.0,6,2,60.0,2891.0,0.0,0,27.0,0,2.0,0.0,10.0,0,0,0,1,0,0,0
11226,1011227,0,351.0,12794.0,25,3,100.0,16575.125,5.0,0,34.0,1,3.0,0.0,29.0,0,0,0,1,0,0,0
11242,1011243,1,237.0,37155.0,1,3,66.0,2356.0,3.0,1,35.0,0,1.0,0.0,4.0,1,0,0,0,0,0,0
11250,1011251,0,322.0,35674.0,1,3,90.0,4151.0,2.0,0,38.0,0,4.0,1.0,16.0,0,0,0,0,0,1,0
11251,1011252,0,268.0,16923.0,4,4,103.0,4313.0,1.0,1,27.0,0,2.0,0.0,12.0,1,0,0,0,0,0,0
11258,1011259,0,284.0,21300.0,7,3,95.0,4699.0,2.0,0,31.0,0,4.0,1.0,23.0,0,0,0,0,0,1,0
11264,1011265,0,208.0,27803.0,2,1,59.0,5143.0,5.0,0,35.0,1,2.0,0.0,11.0,1,0,0,0,0,0,0
11270,1011271,1,245.0,24654.0,2,3,115.0,2833.0,9.0,0,30.0,0,3.0,0.0,10.0,1,0,0,0,0,0,0
11271,1011272,1,268.0,23215.0,18,4,91.0,4665.0,1.0,1,32.0,0,3.0,1.0,8.0,0,0,0,0,0,1,0
11272,1011273,0,300.0,24298.0,7,3,72.0,2668.0,3.0,0,24.0,0,4.0,3.0,9.0,1,0,0,0,0,0,0
11277,1011278,0,393.0,18994.0,2,3,70.0,10644.0,4.0,0,22.0,0,2.0,0.0,15.0,0,0,0,0,0,1,0
11278,1011279,0,316.0,42048.0,22,3,92.0,5518.0,3.0,1,23.0,0,1.0,2.0,16.0,1,0,0,0,0,0,0
11280,1011281,0,261.0,38934.0,5,1,81.0,10059.0,6.0,0,20.0,0,1.0,0.0,13.0,1,0,0,0,0,0,0
11284,1011285,0,403.0,11312.0,28,2,77.0,13312.0,3.0,1,27.0,0,2.0,1.0,32.0,0,0,0,1,0,0,0
11292,1011293,0,268.0,7042.0,18,2,78.0,9428.0,2.0,0,28.0,0,3.0,0.0,18.0,1,0,0,0,0,0,0
11296,1011297,1,380.0,51679.0,28,2,118.0,4336.0,5.0,0,39.0,1,1.0,0.0,26.0,1,0,0,0,0,0,0
11297,1011298,1,226.0,11849.0,14,1,98.0,7607.0,1.0,1,21.0,0,1.0,0.0,11.0,0,0,0,0,0,1,0
11302,1011303,1,239.0,23392.0,1,4,70.0,1402.0,2.0,0,25.0,0,2.0,0.0,6.0,1,0,0,0,0,0,0
11305,1011306,0,264.0,19654.0,1,4,109.0,3052.0,7.0,0,25.0,0,3.0,2.0,14.0,0,0,0,0,0,1,0
11323,1011324,1,242.0,50619.0,1,5,121.0,7513.0,2.0,0,26.0,0,1.0,0.0,16.0,1,0,0,0,0,0,0
11326,1011327,1,244.0,18344.0,2,3,106.0,3783.0,7.0,1,27.0,0,3.0,1.0,15.0,1,0,0,0,0,0,0
11337,1011338,0,254.0,15109.0,7,3,67.0,4423.0,2.0,0,25.0,0,1.0,2.0,7.0,0,0,0,1,0,0,0
11340,1011341,0,323.0,26233.0,9,2,88.0,3721.0,3.0,0,34.0,0,3.0,0.0,22.0,0,0,0,1,0,0,0
11341,1011342,0,341.0,13459.0,1,5,97.0,4832.0,8.0,0,30.0,0,3.0,1.0,16.0,0,0,0,0,0,1,0
11345,1011346,0,267.0,29058.0,15,3,85.0,16575.125,7.0,0,30.0,0,4.0,2.0,23.0,0,0,0,1,0,0,0
11346,1011347,1,221.0,52398.0,1,3,118.0,2972.0,5.0,0,34.0,0,4.0,1.0,12.0,0,0,0,0,0,0,1
11347,1011348,1,226.0,4066.0,13,3,75.0,5832.0,5.0,0,21.0,0,1.0,0.0,12.0,0,0,0,0,0,0,1
11350,1011351,1,188.0,13382.0,9,3,99.0,3230.0,2.0,1,22.0,0,3.0,0.0,9.0,0,0,0,1,0,0,0
11352,1011353,0,345.0,41805.0,2,1,109.0,10258.0,7.0,1,30.0,0,2.0,0.0,22.0,0,0,0,1,0,0,0
11358,1011359,1,222.0,10166.0,2,2,51.0,2614.0,7.0,0,24.0,0,3.0,0.0,10.0,0,0,0,1,0,0,0
11360,1011361,0,216.0,16391.0,7,3,73.0,4965.0,1.0,0,22.0,0,4.0,0.0,8.0,1,0,0,0,0,0,0
11362,1011363,0,228.0,14388.0,2,1,117.0,3233.0,0.0,0,27.0,0,3.0,3.0,7.0,1,0,0,0,0,0,0
11366,1011367,0,416.0,36789.0,11,4,110.0,16086.0,4.0,0,40.0,1,1.0,1.0,33.0,0,0,0,1,0,0,0
11375,1011376,1,247.0,19690.0,3,3,47.0,4129.0,2.0,0,25.0,0,1.0,0.0,11.0,1,0,0,0,0,0,0
11376,1011377,0,386.0,11701.0,22,5,101.0,14463.0,2.0,1,25.0,0,4.0,0.0,33.0,0,0,0,1,0,0,0
11383,1011384,0,323.0,10119.0,2,3,63.0,10174.0,2.0,1,33.0,0,3.0,1.0,27.0,1,0,0,0,0,0,0
11397,1011398,0,292.0,31135.0,10,4,91.0,6136.0,5.0,0,27.0,0,3.0,0.0,17.0,0,0,0,0,0,0,1
11415,1011416,0,223.0,34865.0,2,1,113.0,8912.0,1.0,0,35.0,0,4.0,1.0,9.0,1,0,0,0,0,0,0
11418,1011419,0,279.0,45621.0,6,4,101.0,5629.0,5.0,1,30.0,0,4.0,1.0,16.0,1,0,0,0,0,0,0
11421,1011422,0,263.0,22903.0,10,4,113.0,5130.0,1.0,0,29.0,0,2.0,1.0,9.0,0,0,0,0,0,0,1
11428,1011429,0,384.0,43241.0,20,5,66.0,11296.0,2.0,1,27.0,0,3.0,1.0,33.0,0,0,0,1,0,0,0
11434,1011435,0,240.0,25062.0,2,4,73.0,5395.0,9.0,0,29.0,0,4.0,0.0,16.0,0,0,0,0,0,1,0
11436,1011437,0,269.0,14965.0,10,4,59.0,4778.0,3.0,0,20.0,0,1.0,1.0,13.0,1,0,0,0,0,0,0
11443,1011444,1,143.0,19076.0,3,2,85.0,1623.0,2.0,1,19.0,0,3.0,0.0,7.0,0,0,0,1,0,0,0
11449,1011450,0,302.0,24926.0,4,3,98.0,5107.0,0.0,0,27.0,0,4.0,0.0,18.0,0,0,0,1,0,0,0
11455,1011456,0,344.0,21115.0,1,5,56.0,5801.0,6.0,1,19.0,0,3.0,0.0,22.0,0,0,0,0,0,0,1
11456,1011457,0,373.0,12833.0,4,5,114.0,15251.0,2.0,0,43.0,1,2.0,1.0,27.0,0,0,0,1,0,0,0
11458,1011459,0,190.0,19893.0,2,1,53.0,3814.0,3.0,1,35.0,0,3.0,0.0,10.0,0,0,0,0,0,0,1
11460,1011461,0,209.0,20735.0,2,3,103.0,2647.0,2.0,0,26.0,0,3.0,0.0,14.0,0,0,0,1,0,0,0
11464,1011465,0,198.0,27068.0,2,1,87.0,5257.0,2.0,0,31.0,0,3.0,2.0,13.0,1,0,0,0,0,0,0
11476,1011477,1,273.0,30852.0,12,4,49.0,4644.0,4.0,1,41.0,1,1.0,0.0,18.0,0,0,0,0,0,1,0
11477,1011478,0,298.0,41666.0,1,3,107.0,4793.0,9.0,0,33.0,0,4.0,2.0,19.0,1,0,0,0,0,0,0
11483,1011484,0,292.0,5237.0,2,3,66.0,2500.0,3.0,0,38.0,1,2.0,0.0,9.0,0,0,0,1,0,0,0
11494,1011495,1,366.0,24831.0,7,2,115.0,2709.0,4.0,1,23.0,0,3.0,2.0,20.0,0,0,0,1,0,0,0
11501,1011502,0,284.0,44771.0,1,4,47.0,9581.0,3.0,0,30.0,0,3.0,2.0,11.0,0,0,0,1,0,0,0
11505,1011506,0,274.0,5154.0,2,4,97.0,4991.0,1.0,1,23.0,0,3.0,0.0,8.0,0,0,0,1,0,0,0
11513,1011514,1,364.0,38305.0,9,3,104.0,12986.0,8.0,0,30.0,0,3.0,0.0,32.0,1,0,0,0,0,0,0
11516,1011517,0,254.0,20521.0,10,3,73.0,3483.0,6.0,0,28.0,0,1.0,1.0,16.0,1,0,0,0,0,0,0
11529,1011530,0,238.0,5757.0,24,1,41.0,5303.0,3.0,0,28.0,1,4.0,0.0,17.0,0,0,0,0,0,0,1
11534,1011535,0,233.0,45964.0,2,4,91.0,5036.0,1.0,0,34.0,0,4.0,0.0,16.0,0,0,0,0,0,0,1
11535,1011536,0,185.0,31446.0,10,3,83.0,2207.0,2.0,0,27.0,0,4.0,1.0,6.0,0,0,0,1,0,0,0
11536,1011537,1,237.0,21059.0,8,3,89.0,2247.0,8.0,0,31.0,0,3.0,1.0,11.0,0,0,0,0,0,0,1
11540,1011541,0,231.0,16177.0,1,3,82.0,6346.0,8.0,1,23.0,0,4.0,0.0,15.0,1,0,0,0,0,0,0
11546,1011547,0,297.0,20838.0,2,2,95.0,2538.0,5.0,0,22.0,0,2.0,1.0,16.0,0,0,0,1,0,0,0
11552,1011553,1,333.0,28295.0,17,3,52.0,2495.0,10.0,1,28.0,0,4.0,1.0,11.0,0,0,0,0,0,0,1
11569,1011570,1,341.0,15064.0,1,2,120.0,2393.0,1.0,1,24.0,0,3.0,3.0,12.0,0,0,0,1,0,0,0
11580,1011581,1,263.0,8240.0,9,4,114.0,5415.0,5.0,0,38.0,0,3.0,1.0,16.0,1,0,0,0,0,0,0
11582,1011583,0,306.0,26856.0,20,3,105.0,4183.0,3.0,0,25.0,0,4.0,1.0,11.0,1,0,0,0,0,0,0
11596,1011597,0,244.0,39434.0,7,4,90.0,9703.0,3.0,0,27.0,0,4.0,2.0,12.0,0,0,0,0,0,1,0
11600,1011601,0,446.0,42622.0,15,4,111.0,15841.0,2.0,1,31.0,0,2.0,0.0,24.0,1,0,0,0,0,0,0
11606,1011607,0,331.0,49813.0,2,4,110.0,5732.0,2.0,0,31.0,1,3.0,1.0,13.0,1,0,0,0,0,0,0
11607,1011608,0,210.0,45447.0,5,2,69.0,2443.0,1.0,1,28.0,0,3.0,0.0,13.0,1,0,0,0,0,0,0
11608,1011609,0,223.0,20131.0,20,1,56.0,3860.0,3.0,0,25.0,0,2.0,0.0,19.0,0,0,0,1,0,0,0
11609,1011610,0,248.0,46165.0,10,4,95.0,4697.0,9.0,0,22.0,0,3.0,0.0,9.0,0,0,0,0,0,1,0
11622,1011623,1,223.0,16113.0,24,2,98.0,2501.0,1.0,1,34.0,1,2.0,0.0,6.0,1,0,0,0,0,0,0
11624,1011625,0,217.0,39622.0,15,3,94.0,4832.0,1.0,0,30.0,0,4.0,1.0,13.0,1,0,0,0,0,0,0
11637,1011638,0,279.0,42502.0,2,1,115.0,3951.0,2.0,0,36.0,1,4.0,0.0,14.0,0,0,0,0,0,0,1
11641,1011642,0,369.0,4153.0,22,3,77.0,16575.125,4.0,0,32.0,0,2.0,1.0,29.0,0,0,0,1,0,0,0
11651,1011652,0,208.0,38396.0,6,3,82.0,2612.0,1.0,0,39.0,0,1.0,1.0,14.0,0,0,0,0,0,1,0
11652,1011653,0,347.0,45437.0,1,4,69.0,5469.0,6.0,0,27.0,0,3.0,0.0,13.0,0,0,0,1,0,0,0
11654,1011655,0,216.0,27452.0,1,2,66.0,6897.0,3.0,1,25.0,0,3.0,1.0,17.0,1,0,0,0,0,0,0
11655,1011656,1,226.0,26149.0,24,3,58.0,1149.0,1.0,0,30.0,0,4.0,0.0,9.0,0,0,0,0,0,0,1
11658,1011659,0,264.0,25768.0,22,4,105.0,5799.0,1.0,1,28.0,0,2.0,0.0,19.0,0,0,0,0,0,1,0
11663,1011664,0,298.0,48837.0,8,3,73.0,2181.0,1.0,1,26.0,0,3.0,1.0,22.0,0,0,0,1,0,0,0
11665,1011666,1,254.0,8376.0,5,2,68.0,2492.0,5.0,1,26.0,0,1.0,0.0,14.0,1,0,0,0,0,0,0
11667,1011668,0,375.0,37288.0,2,1,59.0,16575.125,5.0,0,34.0,0,4.0,0.0,31.0,1,0,0,0,0,0,0
11669,1011670,1,215.0,46838.0,22,3,75.0,2929.0,1.0,0,34.0,0,1.0,0.0,9.0,0,0,0,0,0,0,1
11679,1011680,0,243.0,39435.0,1,3,71.0,5068.0,2.0,0,40.0,1,2.0,0.0,16.0,1,0,0,0,0,0,0
11685,1011686,1,247.0,26440.0,26,4,79.0,5670.0,3.0,1,22.0,0,3.0,0.0,15.0,0,0,0,0,0,1,0
11688,1011689,0,256.0,45667.0,7,2,57.0,6021.0,2.0,0,31.0,1,3.0,3.0,16.0,1,0,0,0,0,0,0
11690,1011691,0,290.0,50584.0,1,4,100.0,3039.0,1.0,1,26.0,0,2.0,1.0,9.0,0,0,0,0,0,1,0
11699,1011700,0,314.0,24277.0,11,3,92.0,6392.0,1.0,0,34.0,0,1.0,1.0,16.0,0,0,0,0,0,0,1
11708,1011709,0,298.0,17837.0,6,4,87.0,5380.0,2.0,0,18.0,0,4.0,1.0,13.0,1,0,0,0,0,0,0
11728,1011729,1,177.0,22385.0,9,3,48.0,1851.0,1.0,0,33.0,0,1.0,1.0,10.0,0,0,0,0,0,1,0
11730,1011731,0,278.0,24127.0,4,2,115.0,5184.0,7.0,0,35.0,0,2.0,3.0,23.0,1,0,0,0,0,0,0
11742,1011743,1,388.0,30775.0,1,4,109.0,6787.0,8.0,0,29.0,0,4.0,2.0,14.0,1,0,0,0,0,0,0
11746,1011747,0,268.0,42010.0,18,4,98.0,5753.0,2.0,1,34.0,0,4.0,2.0,17.0,1,0,0,0,0,0,0
11755,1011756,0,279.0,30987.0,23,2,58.0,2616.0,4.0,0,36.0,0,3.0,1.0,23.0,0,0,0,1,0,0,0
11758,1011759,0,382.0,35851.0,2,3,83.0,5444.0,3.0,0,32.0,0,4.0,0.0,20.0,0,0,0,1,0,0,0
